username,timestamp,likes,komentar
atokhawari,14/5/2026, 07.48.21,16,"Mohon maaf netizen boleh minta penjelasan. Sebetulnya yang dirugikan dalam pengadaan chromebook siapa ya? Kan katanya malah lebih irit dan efisien"
buyungrmp,5/5/2026, 19.07.40,8,"Itu loh BGN banyak pengadaan gak jelas didiemin"
rizkykusnadi,14/5/2026, 19.21.54,1,"CEK ALIRAN DANA KE JAKSA DONGGGG HAYOOO BERANI GA..BERANINYA DIBELAKANG KATA ""HUKUM"" PADAHAL HUKUMNYA HUKUM RIMBA"
abuhasanone,5/5/2026, 20.57.11,117,""
sywlanshri_,5/5/2026, 15.40.16,256,"Tidak ada jaksa yang jujur , itu aja , pemeras😂"
wakil.tuhan,5/5/2026, 15.06.50,117,"Emang perlu menemukan utk menghukum??"
dwinney,8/5/2026, 02.47.27,79,"Jaksa gagal menemukan aliran hati nuraninya sendiru"
raflianggara31,14/5/2026, 13.20.50,1,"Pak @prabowo yakin ngga mau berbenah pak ? Tiap hari kita dipertontonkan drama hukum yang ngga masuk akal. Yang nampak tak ditindak, yang tak layak diganjar justru dikejar. 🙃"
yovitamumpuni,14/5/2026, 22.47.27,1,"Kompetitor ojol kiri kanan mmg terduga krn jaksa,  ajeg meksa Cen wagu tenan suuu🙌"
_diragani,14/5/2026, 09.49.03,2,"@teddy_hq mau dibungkam kah 18 th? Dia ada tau apa?? @jokowi @prabowo"
mongke_d.luffy,14/5/2026, 18.30.23,3,"MBG lebih parah lagi tetapi kenapa tak tersentuh KPK?"
arielrakhmadan,5/5/2026, 21.00.38,1,"Mybe W*nd*ws takut legacy nya hilang di budaya kita. Makannya………. Aduh hilang sinyal…"
bakteri.yakult16,19/5/2026, 01.03.39,1,"Ini tuh firasat gue agar pemerintah bisa beli saham Gojek Harga B.U (karna pak nadhim dibuat bangkrut sama tuduhan gamasuk akal) ujung²nya beliau presiden ingin mengabulkan janjinya kepada para driver ojol.. (ini opini pribadi ajasi)"
ammarbror,14/5/2026, 13.51.18,2,"jujur udah di level jiji liat tingkah negara konoha 🙏🏼"
phkusuma_,7/5/2026, 09.48.27,0,"Jaksa Gagal menemukan aliran dana Nadim, Negara gagal mendidik generasi bangsa, negara gagal mensejahterakan para guru, negara gagal dalam... Tapi negara berhasil menggelontorkan puluhan triliun untuk MBG"
pacenogemelanesia,15/5/2026, 13.59.29,3,"Jaksa menyidik, jaksa yg kluarin p21, jaksa jg yg menuntut, GAK ADA DUAL KONTROL, Reformasi UU Kejaksaan mereka ckup jd penuntut sj biar bs dual kontrol mengecek kelayakan berkas dr penyidik kpk dan Polri biar gk dipaksakan kasus2 kriminal lainnya. Salam waras 👏"
s.maryani885,14/5/2026, 15.31.31,1,"mending jadi pengusaha aja emang...ga expect sm vonisnya 😢"
digiorno__,14/5/2026, 14.43.46,1,"“guilty until proven innocent” is the best sentence to describe how rotten Indonesia’s law system is."
fikrialfi9,17/5/2026, 06.40.19,1,"Itu Bu Mentri nya yang paham hukum malah kabur jir ke ausie 😂 aduhai kesalahan pak Nadiem ni ngasi kepercayaan gede sih sama bawahan giliran bawahannya ngaco keseret kan 😂"
whydisuleman_,14/5/2026, 20.38.32,1,"IKN sja merugikan negara gak ad yg proses penanggung jwab nya😂"
fyanka_nasution,5/5/2026, 23.17.35,27,"Kasian anak bangsa cuma jadi ""trophy"" Seseorang untuk mencapai target dan pamer ""tuh kan jaman saya banyak nangkep koruptor"" tanpa bukti perkara yg jelas"
willykoesnadie75,9/5/2026, 01.07.59,1109,"Dear Pak Presiden @prabowo , nggak malu? Kasus ini udah bukan ekspos Nadiem doang pak, ini udah kasih liat dunia kalo Indonesia korup hukumnya. Mending anda cek aliran rekening jaksa dan presiden sebelumnya🙌"
wonderlander_noir,5/5/2026, 15.20.56,36,"Baca UU Tipikor mas. Korupsi itu gak hanya aliran dana masuk rekening."
abrafrgh,18/5/2026, 00.24.43,1,"Gagal ditemukan = emang iya ada dana tapi ntar dicaerkan setelah kasus selesai dan siap dinikmati ."
bahasaaku.id,5/5/2026, 15.17.09,34,"Ini adalah sinyal kuat bahwa kalau anda bukan seorang politikus (tidak punya kekuatan massa), sejago apa pun anda, seberprestasi apa pun anda, anda akan jadi pesakitan di masa depan kelak."
susi.ivvaty,6/5/2026, 08.09.51,4,"Terlalu lelah 😢"
hklirsyadi,5/5/2026, 23.54.42,19,"Boleh dibalikkan investigasi dana aliran ke jaksa :)"
anggiynwa,5/5/2026, 17.26.04,104,"TANGKAP MULYONO🔥🔥🔥🔥🔥🔥🔥🔥"
frids17,6/5/2026, 07.55.48,1,"Ilmu hukum menjadi tidak berarti di hadapan Jaksa"
ebi1025,5/5/2026, 16.27.24,41,"Selama ""Majikan"" Jaksa bilang hajar selama itu pula Jaksa operator harus nurut. Curiga ada deep state di Kejaksaan dan mungkin di semua Kementerian dan Lembaga. Contoh yang  sudah ada adalah PUPR."
adewibowosaputra,10/5/2026, 12.32.55,3,"Harusnya bebas dong, terbujti tak bersalah dan harus ganti rugi ke Pak Nadiem?"
tj_budi,5/5/2026, 16.14.30,17,"Kerugian dihitung sendiri sama penuntut!??! 😮"
leonardqri,5/5/2026, 16.20.12,41,"Puji pria solo ajaib"
prananto,6/5/2026, 12.20.02,5,"Terus markup nya kemana? Pasti ada yang menerima lah gak mungkin, ada markup kan"
ameleakoa,14/5/2026, 12.22.40,1,"Pak @prabowo tolong dicek aliran dana ke jaksanya pak 🙏🏻"
irawanardutarecha,5/5/2026, 15.32.58,8,"Santai aj lah nikmati hidup mkirin pmerintah pusing"
wibiephotography,14/5/2026, 09.01.29,0,"Jaksanya minta digoreng lagi sama netizen…."
esther_sitorus01,6/5/2026, 07.09.55,14,"Kasihan dia, hanya imbas dari kekuasaan. Trust me, proses di persidangan itu sgt sgt lah melelahkan. Lo bs dipanggil pagi bener, disuruh nunggu ber-jam2. Abistu pertanyaan nya berbelat-belit. Yg kaga tahan, so pasti nyerah alias ngaku duluan agr BAP nya lancar di Juper. Blom lg pihak kepolisian berhak menahan 20 hari, bisa jd diperpanjang masa tahanan seblum P21. Pala pucingg, lemas, letih, lesu. Krn sgt sgt menguras energy. Biasanya akan dipersulit di dalem. Bagi kaum yg terbiasa bekerja di balik meja spt saudara Nadien Makarim ini, akan membuatnya sport jantung duluan. Alhasil badan pun akan semakin kurus kering."
panjioctalibriana,11/5/2026, 07.09.48,3,"Itulah mengapa banyak ortu yg ingin anak-anaknya jadi pejabat, aparat dsb. Ya krn dipercaya dapat validasi yg dicari dan bisa kebal hukum"
stmades,5/5/2026, 20.06.08,5,"Kasih paham, King! 👑"
deglengpaijo,5/5/2026, 16.38.10,4,""
mandjusri,5/5/2026, 21.46.45,4,"Bebaskan Nadiem!!!"
febrysalsinha_,6/5/2026, 05.20.26,6,"What a shame buat penegak hukum. Belajar bertahun2, kuliah tinggi2, tapi gag mampu (literally) membedakan mana yg benar dan tidak. Dan ini bukan kali pertama. What a shame!!!"
yud_monteiro,12/5/2026, 21.36.27,1,"shame on you @kejaksaan.ri , kriminalisasi makin terang2an 👎👎👎"
roby_abu_hanifah,14/5/2026, 10.05.31,1,"Mas @nadiemmakarim .. Permintaan jokowi apa yang tidak anda kabulkan..? atau Ketersinggungan apa yang anda perbuat pada Teddy bunai hingga prabowo marah....? Simpel kan..??? . Akhirnya.. Bukan hanya warga 58% merasakan dampak KEBIJAKAN 10 Tahun Yang Menghancurkan SDM n SDA Indonesia..  . Kebodohan Trus Dipelihara... Serta Tidak adanya lagi Rasa aman Dari penegak Hukum Dan Keadilan Yang Melindungi Rakyat kecil... ntah itu keluarga, sahabat, tetangga kita.. PASTI AKAN MERASAKAN DAMPAKNYA NANTI.. TUNGGULAH... INGAT, Perlu Puluhan Tahun Memperbaikinya.  . Mari Didik Untuk Cerdas 2029 #tetaplahbodoh #terimabansosbodohlahterus #rakyatgakbolehpintar"
handikaputraprakasa,6/5/2026, 13.40.00,3,"Wkwk yang katanya penuh tangkapan ternyata tebang pilih kasus rek"
donny_wiratama,11/5/2026, 22.32.54,0,"Ya Allah…."
pendiariawan26,7/5/2026, 15.12.24,4,"Setau saya dana google it langsung ke vendor pmbuat yg di tunjuk. Croombok it program google,sama seperti android one. Jdi ya mudah hranya di telusuri pagil vendor pembuat,misal samsung,atau acer,atau asus,benahkah insentif croombok it masuk.🙌 kasus simpel di buat rumit."
fachri1064,8/5/2026, 12.59.13,1,"😂 Mana ada korupsi mau mengaku tapi klo melemparkan ke orang lain pasti iya,inilah sumbu2 dari pemerintahan sebelumnya....eks menteripendidikan,menteri agama,menteri BUMN,menkominfo,Menkeu dan menteri investasi dan menpora yg ranah mudah untuk jadi bahan korup. ..😁☕"
idabagusjara,5/5/2026, 19.08.02,7,"Terus kritisi 🔥"
lakara.story,6/5/2026, 18.39.50,1,"coba klo ke jokowi pasti ada"
ridwansyah.ak,6/5/2026, 08.03.35,2,"Hukum manusia bergantung siapa yg berkuasa 😂😂"
arga.ra_,6/5/2026, 14.20.54,1,"Yang begini dianggap merugikan, itu kepala bgn dan semua yang bersangkutan ga dianggap merugikan? Emang kalo program presiden mau se tolol apapun ga dianggap salah ya? 11 12 sama pak Harto wkwk 😂"
winoraorbz,6/5/2026, 08.02.49,3,"Makin lama ga ada orang Indonesia yang kompeten yang mau terlibat dengan pemerintah sih"
javamaukar1,6/5/2026, 00.40.48,1,"damnnn"
ekaaddin,5/5/2026, 16.18.53,2,"Melihat dakwaan Jaksa,  kayaknya nggak ada uang yang mengalir kepribadi , karena Sifatnya bisnis Google itu beli saham sahamnya goto... gitu nggak sih"
ariestwns,5/5/2026, 16.17.06,3,"Yang ini selanjutnya plis @d_hindayana"
lizzatizarizal,5/5/2026, 20.45.36,2,"Penjarakan yg nangkap"
yesitsauls,6/5/2026, 02.14.58,0,"Masa logika rakyat yg ga nempuh skolah hukum bisa ketemu, tpi jaksa nggak ada yg sadar?? Gini amat kualitasnya."
tn.bond007,5/5/2026, 16.29.16,2,"Bilang hidup MULYONO!!! Lu langsung aman!"
tonyfrndo,5/5/2026, 15.55.46,0,"Kriminalisasi"
bulm_8,5/5/2026, 15.55.12,0,"yang korupsi itu atek atek koruptor, mereka menyelinap dalam organisasi kementerian, buktinya setelah selesai dia menjabat pencapaian nya di hilangkan atau diganti nama aja seolah tak pernah ada,"
0mashaallahtabarakallah0,4/7/2026, 21.10.41,0,"Modus korupsi chromebook oleh Nadiem, Nadiem membuat ""kajian pesanan"" yang tidak masuk akal dan membuat rapat rahasia dengan perwakilan rahasia tanpa ada notula rapat resmi dan rekaman resmi ""kesaksian dari sekretaris dan beberapa pegawai terdekatnya"", rapat itu bertujuan agar hanya google yang menang tender lalu harga chromebook+komponen tambahan nya nya di markup ""bukti harga chromebook + komponen tambahan = harga laptop I3 + komponen yambahan"", begitu google menang google balas jasa dengan beli saham  perusahaan PT AKAB yang Nadiem jadi salah satu pemilik nya, PT AKAB belum go public jadi gampang cuci uang nya Krn tidak diaudit, saham yang diberikan ke google lebih rendah daripada jumlah uang  yang diinvestasikan google ""terbukti dari akta notaris"", uang selisih nya digunakan Nadiem untuk beli  saham PT AKAB lebih banyak lagi sehingga Nadiem jadi pemegang saham tertinggi dan jadi komisaris utama, begitu PT AKAB go public Nadiem jual sahamnya sehingga cair jadi uang cash. Sempurna lah cuci uang korupsi chrome booknya.  Masalahnya masyarakat awam masih banyak yang belum paham, diluar negeri korupsi dengan cara money loundry seperti ini sudah banyak yang di tangkap karena terlalu gampang pembuktiannya karena pencatatan modal tercatat di notaris, dan jelas banget ada conflict of interest karena dia komisaris perusahaan"
meietti,26/5/2026, 14.31.41,0,"Mens rea nya adalah pemufakatan atas google menguasai Indonesia jauh sebelum nadiem nedein menjabat bahkan sudah di sususn startegi pertemuan dan koordinasi nya ditangkap bukti valid Jaksa kami Indonesia.. Pemufakatan atas tehnologi yang tanpa filter samsekaki dibuka kran akses nya lebar lebarrrrr oleh kementrian pendidikan dengan dalih adanya kebutuhan chrome book .. Chrome book nya diputer-puter dana nya diputer puter. Intinya simpel nadiem dipercaya negara menjabat dipercaya negara menjadi mentri pendidik anaka anak bangsa kenyataan lebih ""berkolusi atas saham"" dibanding ""menjaga peradaban indnesia""  imbas atas google yang tumpah ruah tidak terkendali di guyur sebanyak-banyaknya nya ke anak anak bangsa saat pandemi..dan BOM itu meledak sekarang generasi bangsa dari SD SMP sma SMK mahasiswa kuliah bahkan Sekelas kedokteran spesialis ringan membully sampai jatuh korban Meninggal dimana mana.. Dosen dekan akademik guru sudah kehilangan esensi pendidik semua membeku dan fokus dunia belajar""mengajar. . Moral moral anak bangsa ditangan nadiem menjadikan peradaban Indonesia jatuh dan menempatkan anak indesia kondisi krisis moral. Pandemi adalah pintu masuk semua aplikasi google menguasai kualitas bangsa Indonesia ancur.. itulah nadiem.. Masih kau hitung matematika?? Nilai rupiah diputer puter di bahas di klaim tidak ada nilai uang segala macam?? Apa tersebut bisa mengembalikan generasi bangsa kembali sehat?? Kau KTP Indonesia ? Masih saja tidak bisa melihat mens rea Jaksa kami malu sama KTP ente bro.. Nadiem adalah produk gagal Indonesia yang kalian banggakan ? .. Gampang sih bertanya nya ..ayok ditest ya...kau mendukung IKN atau tidak? Simpel..silahkan jawab jujur dalam hati..jawaban anda itu jelass menunjukkan tingkat kebangsan kalian atas bangsa kalian sendiri Indonesia..zip...Presiden kami tidak akan membiarkan jabatan pangkat title kecerdasan spektakuler tapiiii real nya memenipulasi rakyat.. Semoga menginspirasi.. salam etti Mei."
denting_senja,25/5/2026, 03.29.15,0,"Kasus Nadiem ini menggambarkan bahwa kejahatan ini sesungguhnya merupakan  white collar crime (kejahatan kerah putih)populer di amerika... Korupsi tidak harus ada uang yang mengalir kepada terdakwa , kebijakan2 ketika nadiem jadi menteri negara yg sengaja untuk merugikan negara dan menguntungkan perusahaan dia itu juga merupakan KORUPSI ....."
fransiscusxaveriuss,20/5/2026, 11.52.10,0,"Kompaklahh 17 Agustus mengibarkan Bendera Setengah Tiang dan jgn ada Upacara"
adawiyabahagia,19/5/2026, 22.14.00,0,"#justicefornadiemmakarim"
morning_maniac,19/5/2026, 09.25.39,0,"Jaksa koruppp"
raymond_harwanto,19/5/2026, 05.46.49,0,"Pray for Nadiem👏"
bakteri.yakult16,19/5/2026, 01.03.39,1,"Ini tuh firasat gue agar pemerintah bisa beli saham Gojek Harga B.U (karna pak nadhim dibuat bangkrut sama tuduhan gamasuk akal) ujung²nya beliau presiden ingin mengabulkan janjinya kepada para driver ojol.. (ini opini pribadi ajasi)"
dionerawan,18/5/2026, 17.50.51,0,"JAKSA DAJJAL DISUAP AMPLOP DAN RUMAH SANGAT MEWAH SAMA PEJABAT ELITE KORUP MEMBUAT REKAYASA PALSU JAHAT DAN LICIK TUNTUTAN PERKARA KARANGAN CERITA SENDIRI BERDUSTA BERBOHONG MENGADA ADA DENGAN TUDUHAN FITNAH KERUGIAN NEGARA NOL PERSEN TIDAK ADA TERIMA UANG TERNYATA FIKSI, INI BUKAN PENEGAKAN HUKUM TAPI TINDAKAN KEJAHATAN BERKEDOK KEKUASAAN. HUKUM INDONESIA DIAMBANG KEHANCURAN. RIP KEADILAN"
djodi.ono,18/5/2026, 16.54.36,0,"Pak nadiem jahat banget"
dhzeehafiz,18/5/2026, 15.13.37,0,"U know what..think forward. He Will be eliminate for the next candidat (President RI). Its all politics. Who sit this chair past ?  Against the last leader."
dimasadty4,18/5/2026, 11.29.53,0,"ah bilang aja gadapet bagian 🤭😆"
anashrari,18/5/2026, 10.46.39,0,"Semangaaat mas @nadiemmakarim & keluarga ,sehat selalu , Tuhan memberkatin #justicefornadiem"
bayhaki_mandala,18/5/2026, 09.58.41,0,"Hukum mati harusnya"
mariskademaris,18/5/2026, 08.46.31,0,"Semngt pak..jngn putus asa 👏"
abrafrgh,18/5/2026, 00.24.43,1,"Gagal ditemukan = emang iya ada dana tapi ntar dicaerkan setelah kasus selesai dan siap dinikmati ."
tokugawasama,17/5/2026, 16.47.01,0,"Kan korupsi bukan cuma masalah aliran dana aja bos 😌"
dimas_surya_45,17/5/2026, 14.38.09,0,"Mendapatkan keuntungan diatas ""Total kekayaan saya"" dan lagi Jaksa ngebahas masalah Harta dia (Gojek) dalam Bentuk Saham/Likuiditas 😂"
m_qobullah_siregar,17/5/2026, 13.27.03,0,"Pertanda Negeri ini diambang kehancuran karena dikelola oleh orang-orang yang serakah, korup dan Dzolim."
avich.and,17/5/2026, 12.38.50,0,"Tetap tegar pak @nadiemmakarim  dan keluarga😢 spechless sm pemerintah skrg"
raify_n,17/5/2026, 11.44.24,0,"Lucunya tuduhan merugikan uang negara sering kali diubah menjadi senjata politik"
fikrialfi9,17/5/2026, 06.40.19,1,"Itu Bu Mentri nya yang paham hukum malah kabur jir ke ausie 😂 aduhai kesalahan pak Nadiem ni ngasi kepercayaan gede sih sama bawahan giliran bawahannya ngaco keseret kan 😂"
dioagengfernando_,17/5/2026, 01.50.02,0,"he needs Saul Goodman"
ldyalnda,16/5/2026, 22.39.47,0,"Semangat paa kebenaran akan menemukan jalannya sendiri 🔥"
krystellesofya,16/5/2026, 20.10.06,0,"diluar sana banyak koruptor yg berdasi dan setelan jas rapi 😁😁 klo bicara hukuman pelaku pembunuhan lebih rendah daripada dia, tunggu dulu ada Ferdy Sambo dengan hukuman mati ya dan sekarang jadi hukuman seumur hidup 😁😁 kata gw teh lu cengeng banget jadi koruptor 😁😁 klo mau bebas ya sedari awal balikin uang hasil korupsi chromebook itu. sita aset/uang yg disembunyikan di dalam maupun luar negeri 😁😁 semua uang hasil korupsi yg merugikan keuangan rakyat 😁😁 wong duit yg dikorupsiin duit rakyat 😁😁 wajib dikejar dimana uang korupsi itu 😁😁 semangat berantas koruptor"
irawan.aulia1985,16/5/2026, 19.47.26,0,"Semoga Alloh memberikan Hidayah kepada Majelis Hakim PT, serta menyegerakan Azab kepada Oknum APH (& Keluarganya) yg merekayasa Tuduhan & Menzolimi Pak Nadiem Makarim (& Keluarganya)... Amiin 🤲"
arikanami_z,16/5/2026, 18.50.14,0,"...."
dieerut,16/5/2026, 13.56.04,0,"Kesalahan beliau adalah sudah bli tpi tidak bisa pakai di daerah2 3T padahal Chromebook itu membutuhkan internet yg cepat semntara Indonesia pada saat itu internet masih terbatas jdi disinilah yg bikin rugi negara harusnya nadiem perlu chek kelapangan dulu ke daerah2 terpencil dan perlu uji coba juga  dan yg jdi pertanyaan juga knp dri banyaknya alat digitalisasi knp hrus dgn produk chromebook ?? Apa karna 1 persusaaan dg  gojek sma2 dri perusahaan Google juga ?"
pikpikpicpic,16/5/2026, 12.57.10,0,"@cnnpolitics @bbcnews @bbc_ua @kementerian_kurangajar"
wldn_hsnllh,16/5/2026, 12.04.17,0,"#negarasakit"
nena_huik,16/5/2026, 11.49.10,0,"@ronaldo92731"
catlyyyyyyyyy,16/5/2026, 09.41.55,0,"kok bisa ya tanya bukti tp dipidana"
yaelahhdul_,16/5/2026, 09.06.02,0,"jangan pernah ikut bantu negara di pemerintahan, nanti di jeblosin penjara @presidenrepublikindonesia @republikindonesia @prabowo @gerindra @habiburokhmanjkttimur @sufmi_dasco"
direyy__,16/5/2026, 08.16.21,0,"Otak jaksa kaga sampe sna. Dia cmn terima perintah yg ga jelas diselipin duit trs beres"
putu.kemal,16/5/2026, 08.14.36,0,"@kejaksaan.ri tracking aliran danamu dong mas hehe"
alfinfahrzy,16/5/2026, 07.57.16,0,"rakyat menengah kebawah aja..klo gk salah disiksa terus sampe ngaku salah"
gimu.04,16/5/2026, 06.37.37,0,"Klo kt Mahfud,,kejaksaan klo diusut, indonesia bs bubar,,saking segitu korupnya"
haikalhng_,16/5/2026, 06.36.04,0,"itu si siapa dadan dadang? pkonya di botak babi, kok ga di selidik? padahal jelas depan matak dan bisa di hitung di perkirakan dengan amat sangat logis, apa yang si botak babi itu ajukan harga barangnya dia naikan berkali-kali lipat, knapa kpk pada diem? giliran yang bersangkutan dengan pendidikan di cari cari kesalahannya🔥🙌"
tomy_wicaksono84,16/5/2026, 06.12.14,0,"Save Nadim...♥️♥️♥️♥️"
oinann_,16/5/2026, 05.51.17,0,"Kalu anda di vonis salah apa langkah anda selanjutnya? Wkwkwkwkw vonis salah? Salah ya di mana tolong jelaskan!!"
vel_tes1,16/5/2026, 02.36.29,0,"lu menterinya kenapa takut ngebongkar. sudahlah jgn kibul terus. harusnya setiap pelaku korupsi dihukum mati"
stayfarfrom,16/5/2026, 02.25.33,0,"Siapapun bisa dipenjara kalau negara suka. #sukasukanegara"
reeqt,16/5/2026, 01.40.23,0,"Apalah"
chairoel_azzam,16/5/2026, 00.55.14,0,"Negara lawak lawak."
instagraldisk,16/5/2026, 00.43.07,0,"Tumbal Rugi? Mending urus makanan MBG 2026 d cegah K0rupny y.? Tiap hari berjalan depan mata bukannya d cegah pembiaran dibiarkan sj kh?"
instagraldisk,16/5/2026, 00.42.59,0,"Tumbal Rugi? Mending urus makanan MBG 2026 d cegah K0rupny y.? Tiap hari berjalan depan mata bukannya d cegah pembiaran dibiarkan sj kh?"
its_noe_not_noe,15/5/2026, 23.12.06,0,"Coba @tempodotco selidiki, ini pesanan siapa sih yg kriminalisasi @nadiemmakarim dakwaannya gak masuk akal, dibuat2, hasil audit @bpkp_id juga lemah, JPU @kejaksaan.ri juga lemah bukti2nya, kalau sampai hakim memutuskan gak adil, fix ada rekayasa, coba diselidiki dong"
e_l_l_a__ary_e,15/5/2026, 22.38.54,0,"Korupsi gak harus aliran dana ke rekening pribadi. Yang harus ditelusuri : bypass tender utk CB. Lalu G**gle invest ke Goj**. Indikasinya kuat. Belum lg merger Go*o. Gak 100% benar, kayaknya si bapaknini. Tp hukuman mmg harus iteliti lg. 2 wrongs don’t make a right."
imamproperty_77,15/5/2026, 22.22.24,0,"Tuhan tidak tidur Pak Nadiem"
nahdah_zhafirah,15/5/2026, 21.56.57,0,"@googleindonesia @google #justicefornadiem"
lilihuaaa,15/5/2026, 20.45.33,0,"Posisi JAKSA tidak tersetuh sedikit pun"
kangpajar89,15/5/2026, 20.02.53,0,"Jaksa oh jaksa kapan rekeningnya di cek"
joshua_ray_b_m,15/5/2026, 19.57.22,1,"NEXT"
atur_mk,15/5/2026, 19.52.56,0,"RakyaT Indonesia 🇮🇩 BERSATU Untuk Nadiem 🔥🔥🔥"
sallehuseinibnuahmad_alaydrus,15/5/2026, 19.20.44,0,"Semoga Allah Swt menjaga dan melindungi mu sekeluarga pa nadiem,,semoga Allah Swt menghancurkan sehina2 nya di dunia dan di akhirat org2 yg sdh menzholimi mu pa nadiem 🙏😭🤲"
darmawanksmh,15/5/2026, 18.56.05,0,"Yang jadi masalah utamanya sudah jelas bukan persoalan Chromebook"
ga.dju,15/5/2026, 18.44.10,0,"Dari kasus Nadiem, kita belajar kalau Gerbang Tagihan memang bejat busuk"
ahmdsyf_72,15/5/2026, 18.41.37,0,"Lihat 3 bulan ke depan, apakah ada Hero ? 😂"
sekarpacekitchen_ofie,15/5/2026, 18.27.11,0,"Teruslah bersuara lantang Tempo"
andreutama_,15/5/2026, 17.45.58,0,"@prabowo dengan segala kerendahan hati saya pak. Mohon di bantu pak🙌❤️"
rani_sembara,15/5/2026, 17.44.41,0,"Koruptor itu otaknya lebih dari setan, setan takut naik haji koruptor bisa 3-4X naik haji.😂 Yang merusak bangsa ini dan bisa hancur itu para koruptor😂 koruptor kok dibela😂😂😂asu!!!"
jannatul_icha,15/5/2026, 16.31.06,0,"Dah bener jadi CEO malah nerimo ajakan king oslo buat jadi  mentri"
fns8219,15/5/2026, 15.33.35,0,"Ya gak perlu aliran dana pak , google gak gitu mainnya, yang jelas kamu ngunci spek itu namanya gak fair pak korup itu"
teofilusdipo,15/5/2026, 15.14.40,0,"Iki negoro opo seh"
kerong.nd,15/5/2026, 15.14.20,0,"Siap kepala babi, mau order apalagi admin tempo? Ada yang bisa tebak? 🤣"
estiawanemil,15/5/2026, 15.02.28,0,"Jahanam para oknum di republik ini"
anak_itik8,15/5/2026, 14.55.56,0,"TURUT BERDUKACITA ATAS GAGAL NYA SISTEM KEADILAN DI INDONESIA TERCINTA INI🔥"
androxsby21,15/5/2026, 14.05.46,0,"Kamu pantas divonis 18 tahun, sangat pantas, Kamu KECEWA ?! MARAH ?! , begitu juga dg pendukungmu, sekarang ayo dibandingkan, lebih banyak mana kecewamu dan pendukungmu, dengan ribuan siswa yg rumahnya jauh dari sekolah, yg ingin mendapatkan kesempatan secara fair utk berkompetisi mendapatkan sekolah negeri, tapi kau rengut mimpi mereka dg ZONASI dungumu, kau matikan harapan mereka dg membiarkan yg bodoh, malas belajar, tapi jarak rumahnya dekat bisa melenggang mudah mendapatkan sekolah negeri, kau rampas kerja keras mereka dalam belajar dengan menghapus UNAS dan menggantinya dg nilai rapor yg bisa direkayasa, itu pun cuma kamu kasih kuota 15%, 18 tahun vonis hukumanmu mungkin itu hasil doa ribuan orang yg kamu kecewakan, orang tua dan siswa, termasuk aku salah satunya, anakku no 3 terbaik di sekolah, nyaris tidak bisa bersekolah di negeri, kalau bukan karena pertolongan-Nya, ga tau bagaimana bisa survive 4 tahun yg lalu, semoga cepat direalisasikan 18 tahun itu, aku bahagia, sungguh, bahagia sekali, tidak sedikitpun terbesit kekecewaan pada hukum negara ini padahal biasanya saya kecewa, khusus utkmu, yg membuat dunia pendidikan indonesia hancur ditanganmu"
pacenogemelanesia,15/5/2026, 13.59.29,3,"Jaksa menyidik, jaksa yg kluarin p21, jaksa jg yg menuntut, GAK ADA DUAL KONTROL, Reformasi UU Kejaksaan mereka ckup jd penuntut sj biar bs dual kontrol mengecek kelayakan berkas dr penyidik kpk dan Polri biar gk dipaksakan kasus2 kriminal lainnya. Salam waras 👏"
regitaadc,15/5/2026, 13.38.22,0,"ini dzolimnya mengakar sampe ke akar akar gila, najiznyaa"
aiielvilla,15/5/2026, 13.32.05,0,"😢😢😢😢"
rickyvanberlin,15/5/2026, 13.19.22,0,"Tau kan cara melawan ketidakadilan hukum di negri ini??? ""The Viral Netizen and Peoples""  yukk gassss.. @dpr_ri ehmm pak JPU nya ada yg berulah lagi nih pak.. diem aja pak?? Ehm pak @prabowo @kejaksaan.ri .. coba telisik hey @official.kpk spt nya ada kejanggalan dari hasil vonis hakim tersebut.. jaksa dinegri ini banyak yg tidak kompeten dan lurus.."
dreamy_bunda,15/5/2026, 13.02.29,0,"#savenadimmakarim"
nandasbs_,15/5/2026, 12.54.31,0,"Malu ga pak? @prabowo"
patrisyahrir_,15/5/2026, 12.44.00,0,"Yg mantan napi pasti tau permainan jaksa"
sucksmarobby,15/5/2026, 12.10.02,0,"@jokowi menterimu lho pak, tanggung jawab"
dasteria1,15/5/2026, 11.50.15,0,"Dan beritanya ud go international."
treas.30,15/5/2026, 11.24.20,0,"#BEBASKANNADIEM"
vandaaacp,15/5/2026, 11.01.33,0,"Hum"
egymolko,15/5/2026, 10.55.46,0,"ah itu jokowi kali yg untung"
yolan_vallyzsanta,15/5/2026, 10.42.11,0,"Nak, kalau kamu nanti pinter, sekolah di luar negri.. misal mau mengharumkan negara, bisa dari luar negeri kok nak ... .kembangkan sayapmu disana gak papa.🤍 (Nasehat untuk anakku)"
djogja1440,15/5/2026, 10.41.35,0,"JAKSA  N G A W U R 👈✅️ PAK NADIEM  B U K A N KORUPTOR spt para CEO MBG itu👈 beliau majukan digitalisasi pendidikan dgn Rapor Pendidikan Sekolah 👍👍👍 ✅️ PINTAR ,JUJUR pendiri G O J  E K ❤ Menjadi menteri HARTANYA JADI BERKURANG karena sibuk 😢😢 ✅️Kesalahan Nadiem adalah MAU JADI MENTERI REZIM JOKOWI dan tahu rahasia BUSUK  JKW & Opung akhirnya kena #KRIMINALISASI spt kasus PAK TOM 👈👈👈 ✅️JKW tokoh terkorup dunia by #OCCRP #ijazahPALSU super culas licik kejam #KM50 dll 👎👎👎 semoga pak Nadiem sehat selalu. SALAM DARI PARA GURU ... anak2  CERDAS #KaburSajaDulu sampai sukses daripada di #KRIMINALISASI ATASAN DZALIM dituntut penjara 27 TAHUN 🔥🔥🔥 #indonesiaGELAP"
avenkhafshah,15/5/2026, 10.19.57,0,"Dari persidangan awal udah jelas arahnya yg sarat kepentingan... Untung dipertontonkan sehingga publik paham cara mainnya... hukum menjadi alat politik, bukan sebagai alat keadilan... kalian @kejaksaan.ri parah sih..."
partie.azzizah,15/5/2026, 10.02.12,0,"#justicefornadim"
dina.oktovani,15/5/2026, 09.50.17,0,"Savenadiemmakariem🔥🔥🔥"
s.riyadi123,15/5/2026, 09.46.00,0,"Penuduhan tanpa bukti."
icankrizal,15/5/2026, 09.37.58,0,""
fiedgas,15/5/2026, 08.51.02,0,"Buat akademisi, diaspora, buat profesional muda, buat pengusaha muda. Stop bantu pemerintah negara ini. Jangan coba-coba bergaul apalagi ikut di dalamnya."
riqriqqq,15/5/2026, 08.50.24,0,"Malu malu in"
ridhogusti_putra,15/5/2026, 07.47.39,0,"@google @googleindonesia bisa bantu gak sih guys ?"
kurniaje,15/5/2026, 07.40.22,0,"Kemana alirannya🔥"
unvisiblepeep,15/5/2026, 07.25.19,0,"beyond disgusted with indonesian policy"
setyaokie,15/5/2026, 07.13.21,0,"Tim hukum ini sdh tdk pake ilmu hukum yg dia sekolahi dulu, mereka skrg lg pake ilmu amplop"
saksanai,15/5/2026, 07.10.41,0,"""Penguasa yang enak hidupnya hanya karena banyak harta dibadannya, kelak matinya tidak akan terhormat. Oleh karena itu jangan kejam dan sewenang-wenang terhadap rakyatnya"" ""Presiden Soeharto"""
mrsiir_,15/5/2026, 06.56.32,0,"#JusticeForNadiem #justicefornadiemmakarim"
iqbal.kysann,15/5/2026, 06.44.31,0,"Kejaksaan kita udah ga kompeten, sdm nya belum merata dan pola pikir nya terlalu kolot untuk menangani kasus di era modern ini"
rizkiisubagja,15/5/2026, 06.21.47,0,"Astagfirulloh"
jik_wahh14,15/5/2026, 06.15.22,0,"Yg jenius dibungkam, koruptor dikasik makan! Masih mau tumbuh dan berkembang dinegara ini?"
faiz_doanks,15/5/2026, 05.59.25,0,"Selamat Datang Indonesia Emas"
vinafleta,15/5/2026, 05.57.26,0,"kenapa sih selalu aja orang bener jd tumbal"
speakup.id_media,15/5/2026, 05.49.17,0,"Inget loh, bukti KKN itu bukan hanya aliraan dana, bisa aja dlm bentuk lain atau uang cash yang ni susah utk dilacak"
cricketgolf88,15/5/2026, 05.38.55,0,"ada yang bisa jelasin kenapa Nadiem beli chromebook 11 T tanpa tender? korupsi ga hanya memperkaya diri, tapi juga orang atau korporasi lain"
deny.parulian,15/5/2026, 05.32.04,0,"Izin 🫷🫷🫷 Saya lihat makin banyak selebritis dan influencer yang menyuarakan ttg Perkara Nadiem...🙏🙏🙏 Semakin VIRAL semakin bagus utk kemunculan ""HERO"".  Ada 2 (dua) SETTINGAN utk perkara Pak Nadiem : 1. Hakim akan di intervensi oleh seseorang utk menjatuhkan vonis Bebas. 2. Akan ada seseorang yang maju sebagai ""HERO"" untuk memberikan ""ABOLISI"". Pilihan ke 2 (dua) sangat mungkin dilakukan, karena akan meningkatkan ""IMAGE""  seseorang sebagai negarawan yang memiliki rasa keadilan. (Contoh : ABOLISI Pak Tom Lembong dan AMNESTI Pak Hasto Kristiyanto). Kejam ??? Ya... Memanfaatkan Emosi Pak Nadiem/ Pak Tom/ Pak Hasto dan keluarga untuk membangun ""IMAGE"" seseorang... 😥😥😥😭😭😭"
nadnob.all,15/5/2026, 04.52.47,0,"@prabowo @gibran_rakabuming lg apa pak?"
aminurrohman00,15/5/2026, 04.48.16,0,"indonesia😂 rusak wes"
yupimalestem,15/5/2026, 03.50.13,0,"Leptop chromebook penggunaanny harus memakai internet, kalau dipelosokkan gak da internet, kalau window bisa dipakai tanpa internet.. kenapa gk milih windows ? Hukum mati para koruptor, kami rakyat indonesia sudah sangat sengsara dengan para koruptor🔥"
ym.prastya_megalia,15/5/2026, 03.37.07,0,"PAK NADIEM TUMBAL REZIM LAKNATULLAH MAAF MAAF KALAU SAYA JADI PAK NADIEM, SAYA AKAN HAPUS GO-JEK DARI NEGARA REZIM INI, BIAR RAKYAT NGAMUK KE PEMERINTAH REZIM INI 😭😭 TAPI PAK NADIEM TIDAK SEJAHAT ITU😭😭😭NEGARA HANYA DI KUASAI OLEH PENGUASA YANG INGIN BERKUASA SAJA (REZIM LAKNATULLAH) BENAR BISA KALAH TAPI INGET YA BENAR TIDAK BISA SALAH"
ym.prastya_megalia,15/5/2026, 03.37.07,0,"PAK NADIEM TUMBAL REZIM LAKNATULLAH MAAF MAAF KALAU SAYA JADI PAK NADIEM, SAYA AKAN HAPUS GO-JEK DARI NEGARA REZIM INI, BIAR RAKYAT NGAMUK KE PEMERINTAH REZIM INI 😭😭 TAPI PAK NADIEM TIDAK SEJAHAT ITU😭😭😭NEGARA HANYA DI KUASAI OLEH PENGUASA YANG INGIN BERKUASA SAJA (REZIM LAKNATULLAH) BENAR BISA KALAH TAPI INGET YA BENAR TIDAK BISA SALAH"
thinkgrow.id,15/5/2026, 03.14.19,0,"Semua atas persetujuan presiden saat itu, knp tidak diperiksa ya"
diyanmel,15/5/2026, 02.28.19,0,"Hukuman 18 tahun penjara + 9 tahun penjara subsidair untuk bapak yang melahirkan beribu ribu lapangan pekerjaan, yang mengangkat derajat nama ojek pangkalan yang dianggap rendah dimata sebagian masyarakat, para gojek menyebutnya “pahlawan ekonomi”. 🥹🥹"
ariryantama,15/5/2026, 02.10.58,0,"HARI KESAKTIAN PANCASILA DIPERINGATI SETIAP TAHUN, TAPI NILAINYA DIKENCINGI SETIAP HARI OLEH ORANG-ORANG YANG KATANYA APARAT PENEGAK HUKUM DAN KEADILAN. APANYA YANG MERDEKA."
resyfebriyantiii,15/5/2026, 02.00.18,0,"😢"
nrdhsnn,15/5/2026, 01.33.37,0,"Terus kaum muda disuruh pulang membangun bangsa"
___bagaspr,15/5/2026, 01.00.49,0,"Investor pun malas kalau kondisi Indo begini. Baru kemarin dikirim surat sama Chamber of Commerce Tiongkok"
bunganilam,15/5/2026, 00.24.49,0,"jaksanya siapa sih"
caramel_vhy,15/5/2026, 00.20.11,0,"Udah paling bener kalau berkarier mapan di luar negeri jangan balik ke Indonesia dah walau d panggil sama pemerintah...kasihan org² pinter kalau nasib kaya Pak Nadiem kena kasus dgn bukti gaib , masih untung Pak Tom Lembong lolos ...JANGAN BALIK DAH ...Kasihan liat nya ...gak tega😢😢😢"
windanovitasarisibarani,15/5/2026, 00.02.07,0,"Pak Nadiem itu gak perlu banyak mulut untuk membuktikan beliau begitu berdampak positif kepada negeri ini, dan gak perlu masuk pemerintah (sebelum masuk pemerintahan) untuk bisa membuktikan begitu berjasanya orang jenius seperi beliau bagi bangsa Indonesia, dibuktikan dari angka pengangguran sangat berkurang dengan adanya GOJEK. Ya, beliau pendiri GOJEK. Ya berkat jasanya, banyak pengangguran bisa memiliki pekerjaan, inovasi baru untuk dunia transportasi, inovasi baru untuk membantu UMKM, inovasi baru untuk masyarakat lebih mudah menjangkau makanan apapun yang ada di setiap daerah. Sangat sangat berdampak positif dan berjasa. Sayangnya, beliau pernah terjun ke pemerintahan yang sangat sangat toxic."
chandra_krama,14/5/2026, 23.50.55,0,"klo jaksa bener semoga di beri kesehatan tapi klo jaksa salah semoga kena Azab 7 turunan"
ina_wn,14/5/2026, 23.12.48,0,"Atuuur pak hakimmm, ntar di akhirat Allah yang akan atur anda sampe jahannam!!!!"
si.ijas,14/5/2026, 23.04.09,0,"Warga blok m demo lah ke kejaksaan agung, deket itu"
yovitamumpuni,14/5/2026, 22.47.27,1,"Kompetitor ojol kiri kanan mmg terduga krn jaksa,  ajeg meksa Cen wagu tenan suuu🙌"
raniagusstine,14/5/2026, 22.44.05,0,"@prabowo usut juga dong aliran dana ke kejaksaan. ke seluruh kerabat-kerabatnya juga termasuk jika punya CV/ PT. saya yakin ngga sebersih itu, bahkan bisa lebih kotor. dibantu sampaikan admin @gerindra JANGAN PAS KAMPANYE DOANG LU SOKAP SANA SINI"
racunshopeeig,14/5/2026, 22.42.22,0,"Hai kak mampir di profil kamu yuk! banyak produkunik di reel kami ya🙌"
berlianaulia,14/5/2026, 22.32.14,0,"Emang udh kerasukan setan semua"
gains_s889,14/5/2026, 22.09.22,0,"Kasian Pa Nadiem diperlakukan penerapan hukum tanpa fakta,,,oleh para org-org yg merasa dirinya paling hebat paling benar,,, pdhl bajingan"
fajaradam30,14/5/2026, 22.01.38,0,"Jaksa KONTOL"
3nanogomes3,14/5/2026, 21.53.15,0,"#JusticeForNadiem"
ibnuelsina,14/5/2026, 21.31.20,0,"Mending pak Nadim matiin tuh gojek biar kolakps  seluruh indo"
iylia.na70,14/5/2026, 21.07.29,0,"@diannpt_ @srimahkumala70"
theecoledit_,14/5/2026, 20.58.21,0,"Mungkin mas @nadiemmakarim harus menjelaskan ke publik fakta adanya Whatsapp Group yang disitu mas Nadiem sudah mengetahui akan menjadi menteri sebelum dilantik menjadi menteri, dan isi WAG juga sudah berisi rencana kerja dan pengadaan termasuk Chormebook & sebaiknya harus diupayakan agar saksi kunci Juris Tan di hadirkan, sehingga ada titik terang yang bisa menjelaskan semua permasalahan ini"
debu.sufi,14/5/2026, 20.43.56,0,"ANJING, MINTA MAAF MAH GAMPANG. KALO MAU HUKUM KEBIRI, SIRAM BALIK SAMA AIR KERAS"
whydisuleman_,14/5/2026, 20.43.34,0,"Tenang aja, sebentar lagi akan ada pahlwan yg pnya kuasa untuk membebaskan nadiem. Membranding dirinya se olah2 pro rakyat, mengalihkan prhtian biar rakyat lupa kalau rupiah hmpir 18,000. Anggaran ghoib pejabat yg memakan dana miliyaran😂"
lemarimamasekar,14/5/2026, 20.41.29,0,"@prabowo @gerindra tolongin ini lah pak .. 😫"
ardhaardinata,14/5/2026, 20.39.46,0,"jan jan ada campur tangan si mikocok karena ga di acc. itu yang punya lumayan super power"
whydisuleman_,14/5/2026, 20.38.32,1,"IKN sja merugikan negara gak ad yg proses penanggung jwab nya😂"
diana_agustina86,14/5/2026, 20.36.08,0,"Manusia cerdas dan berintegritas.. Tp dikhianati oleh Hukum di negara sendiri"
dyotama_,14/5/2026, 20.24.46,0,"Chromebook asli emang penghematan banget.. karyawan saya semuanya saya belikan Chromebook dibanding windows.. pola pikir kita sama, selagi fungsinya cukup kenapa harus windows"
yhamirasyid0428,14/5/2026, 20.20.45,0,"❤️❤️❤️❤️❤️❤️❤️"
yhamirasyid0428,14/5/2026, 20.20.41,0,"😢😢😢😢😢😢"
yhamirasyid0428,14/5/2026, 20.20.35,0,"❤️❤️❤️❤️❤️❤️❤️❤️❤️❤️"
yhamirasyid0428,14/5/2026, 20.20.33,0,"😢😢😢😢😢😢😢😢"
yhamirasyid0428,14/5/2026, 20.20.33,0,"😢😢😢😢😢😢😢😢"
widhx_willxz,14/5/2026, 20.08.32,0,"Bener bener ini mah"
sambooora,14/5/2026, 20.03.04,0,"Sudah cukup ngga sih ? waktunya reformasi jilid 2"
mas_putraramadhan19,14/5/2026, 19.59.22,0,"Astaghfirullah.. Zolim Sih Ini Fix' Harus nya yg di Hukum Orang Yg NYURUH MENTRINYA!!??!! Lempar Batu Sembunyi Tangan!!"
septianmasna,14/5/2026, 19.51.53,0,"😢"
_asadillah07,14/5/2026, 19.36.25,0,"Barang bukti bisa dipalsukan, persidangan bisa di curangi. Hanya ke-2 mataku yang bisa kupercaya. Jika tak ada lagi yang bisa dipercaya di negara ini, artinya negara ini sudah terlalu kotor."
me_eyey7,14/5/2026, 19.32.10,0,"Emg negeri ini tidak layak diwakilkan orang sebidangnya"
izzad76,14/5/2026, 19.28.47,0,"Sampe sini uda paham kan siapa biang kerok semua sumber masalah"
rizkykusnadi,14/5/2026, 19.21.54,1,"CEK ALIRAN DANA KE JAKSA DONGGGG HAYOOO BERANI GA..BERANINYA DIBELAKANG KATA ""HUKUM"" PADAHAL HUKUMNYA HUKUM RIMBA"
ren_crisdi,14/5/2026, 19.20.45,0,"Dan plot twistnya, ternyata Chromebooknya bisa dipake dan mempermudah guru2 di area 3T dari postingan @virdian_aurellio"
rankaa_,14/5/2026, 19.11.10,0,"Cek Jaksa dan hakim yang memvonis nadiem!!! @prabowo @stburhanuddin_ @prasetyo_hadi28 @teddy_hq"
mbu.yusuff,14/5/2026, 18.56.04,0,"😢😢😢"
salmah.u_,14/5/2026, 18.50.31,0,"Lekas sembuh nurani❤️‍🩹"
mongke_d.luffy,14/5/2026, 18.30.23,3,"MBG lebih parah lagi tetapi kenapa tak tersentuh KPK?"
bintang.m.a783,14/5/2026, 18.30.03,0,"Harus ada aturan buat jaksa nggak sih. Masak berulang kali jaksanya bisa seenaknya padahal juga nggak ada bukti."
friskaaangelia,14/5/2026, 18.28.14,0,"Heartbreaking, truly 💔😢"
mudddrika,14/5/2026, 18.13.32,0,"@prabowo udh saatnya nih wo jadi pahlawan"
_mifthul,14/5/2026, 17.57.19,0,"@mahatir0_0"
natasyateonata,14/5/2026, 17.45.40,0,"@kejaksaan.ri ????"
irosadiee,14/5/2026, 17.43.46,0,"Untung mark zuck ngga lahir di Indonesia 😂"
endeefes,14/5/2026, 17.42.58,0,"Punya orang pinter tapi disia-siakan.. 👎👎"
faisalrahman3307,14/5/2026, 17.40.42,0,"Kenapa akhirnya divonis demikian, karena bapak bukan anggota ormas ke agamaan 😂. Coba misalkan bapak anggota perwakilan ormas ke agamaan, apalagi ormas besar. Apapun malpraktik yang dilakukan, sebesar apapun kerugian yang akhirnya dirasakan anak2 di dunia pendidikan. Akan selalu ada pembenarannya."
ir.one_haryz,14/5/2026, 17.40.24,0,"Syarat jadi Jaksa apa saja ya? Nyogok kah?"
dzik.o,14/5/2026, 17.38.39,0,"Yo! Mr. President. Its time to be a HERO!🙌🔥🔥🔥"
mfattima88,14/5/2026, 17.30.19,0,"Ngeri bgt jaksanya berat sebelah 😓"
chvella.i,14/5/2026, 17.29.47,0,"Lah kocaq ya pak nadiem brtikan mnghemat anggran malah yg diuntungkan ya negara krna pa nadiem menhemat. Ya otomatis dana itu ga ngalir lah org yg di kluarin dana nya sebesar harga chromebook itu. Cacat logika nih jaksanya"
nocaffeineforawhile,14/5/2026, 17.24.27,0,"Muak"
diqidermawan,14/5/2026, 17.23.12,0,"INGIN MEMAJUKAN BANGSA NYA MALAH D HANTAM OLEH BANGSA NYA SENDIRI"
agungwe_id,14/5/2026, 17.06.22,0,"#justicefornadiem 🔥🔥🔥"
ahmadyufiddd,14/5/2026, 16.42.18,0,"Jaksa Indonésia emang jahannam sih"
azrialbawadi_,14/5/2026, 16.23.12,0,"JAKSA ANJING"
janpitro,14/5/2026, 16.22.58,0,"Lembaga negara isinya penjahat"
mamah_alfatih_ainun_adam,14/5/2026, 16.20.40,0,"Orang baik & jujur pasti selalu difitnah, sudah bekerja sepenuh hati+pikiran di pemerintah dgn maksud ingin memberikan sedikit perubahan, kiranya menjadi lebih baik sedikit drpd yg sebelumnya. Namun apa daya kasih tak sampai, belum jg full bekerja sudah diterjang oleh oknum2 tikus berdasi. Kasus Munir, cicak vs buaya, Antasari, Novel Baswedan, Ahok dan skrg Nadiem 🥹🥲😢😭 Korupsi merajalela, semua perpajakan naik, harga bahan pokok sembako+pangan melambung tinggi. Lantas bagaimana dgn penyediaan lapangan pekerjaan? Apakah sudah benar disediakan atau hanya baru dipikirkan atau pemerintah hanya omon2/janji manis/iming2 atau sama sekali tdk ada niat & tdk berniat menyediakan lapangan pekerjaan utk rakyatnya yg sudah lama sekali menderita ekonominya. Lalu kami rakyat kecil hrs mengadu kpd siapa? Hrs berharap pd siapa lg jika pemimpin kami tdk mw tau dgn urusan rakyatnya sndr. Jgn lupa, Bapak Nadiem Karim setidaknya byk membantu berkontribusi menciptakan lapangan pekerjaan utk masyarakat se-indonesia dgn aplikasi ojek online. Jika memang hukum diIndonesia ini tdk bs ditegakkan dgn sebenar2nya & sebaik2nya, maka percayalah hukum karma+hukum akhirat ""barang siapa yg mempermudah urusan orang lain, maka akan dipermudah juga urusannya"". Tetap semangat untuk Bapak Nadiem, selamat berjuang 💪 Terima kasih sudah memberikan contoh utk anak2 muda 🫶🫰"
anggie_thompson,14/5/2026, 16.10.25,0,"Saya tinggal di NZ, waktu di primary school anak2 saya pake Chrome."
ramdannuraminudin,14/5/2026, 16.04.34,0,"Terimakasih Pak Jokowi *baca dengan nada"
herdiyanitdev,14/5/2026, 16.00.37,0,"Audit jaksanya"
mpashakemal,14/5/2026, 15.56.47,0,"Menurut keyakinan saya, semua berakar dari Raja Jawa 😢"
niam2767,14/5/2026, 15.45.29,1,"Semoga ALLAH SWT. Selalu Menjaga dan Melindungi Beliau, Aamiin YRA"
gajut_haha,14/5/2026, 15.37.06,0,"ayo danantara akusisi gojek"
aghnan,14/5/2026, 15.33.07,0,"Rasulullah bersabda: ""Hakim itu ada tiga macam: satu di surga dan dua di neraka. (1) Hakim yang mengetahui kebenaran lalu memutuskan dengan kebenaran, maka ia di surga. (2) Hakim yang memutuskan perkara tanpa ilmu, maka ia di neraka. (3) Dan hakim yang mengetahui kebenaran tetapi menyimpang dalam keputusannya, maka ia di neraka."" (HR. Abu Dawud, Tirmidzi, Ibnu Majah, dan Hakim)"
s.maryani885,14/5/2026, 15.31.31,1,"mending jadi pengusaha aja emang...ga expect sm vonisnya 😢"
auah.gelap789,14/5/2026, 15.19.40,0,"Silahkan Jawab disini @jaksapedia"
internet_wifi_tasikmalaya,14/5/2026, 15.10.21,0,"Dan dengan bangga nya si wowo menaikan gaji hakim dan jaksa 280%... BEG*...."
yefta.septiano,14/5/2026, 15.01.10,0,"Mending bener kata banyak orang, sekarang buat tmn2 yg punya keahlian, kepintaran, talenta. Udah ga perlu deh bantu negara Indonesia. Mending bantu negara lain, mending berkarya di negara lain. Gila sih, org yg berjasa membuka lapangan kerja jutaan di kriminalisasi dan di jatuhkan hukuman yg ga masuk akan. #savenadiem #saveibam"
frchmt,14/5/2026, 14.55.09,0,"there's no future in this dumb country"
rahulgobeltukangphoto,14/5/2026, 14.44.27,0,"Akan ada masa nya jabatan’ wahai jaksa dan hakim, ketika dirimu gak amanah dengan kerjaan suatu saat kamu akan mendapatkan apa yg kau lakukan’ ingat hukum alam🙌"
digiorno__,14/5/2026, 14.43.46,1,"“guilty until proven innocent” is the best sentence to describe how rotten Indonesia’s law system is."
bosq_asli,14/5/2026, 14.43.04,0,"3M (Malu, marah, mengutuk)"
maliciousware,14/5/2026, 14.32.58,0,"😢😢"
syifaaaniiiii,14/5/2026, 14.30.41,0,"tech company luar jd pikir2 mau invest ke indo krn ini jg sih hahahahhahaha. badut bgt pemerintahku🤡🤡🤡🤡🤡"
markushendrisetyawan,14/5/2026, 14.29.02,0,"Dalam hukum biasanya perlu dibuktikan:  apakah ada niat jahat, apakah ada keuntungan pribadi, apakah ada perintah untuk melanggar aturan, atau apakah ada manipulasi sejak awal.  Karena kalau setiap kebijakan yang gagal langsung dianggap korupsi pimpinan tertinggi atau pengambil kebijakan (menteri), maka banyak pemimpin akan takut membuat inovasi atau mengambil keputusan besar."
danieonnn,14/5/2026, 14.29.00,0,"kocak bgt, yg dirugiin atas pengadaan chromebook tuh siapa? malah lebih irit kan klo gapake windows? yg dirugiin siapa? distributor laptop pesenan harga markup yg onoh?😂"
nuruulff,14/5/2026, 14.27.45,0,"Jahat bgt😢"
patrapatria,14/5/2026, 14.22.41,0,"Ojol gaspol  siapkan demo mania🔥"
irmawati_iir,14/5/2026, 14.21.26,0,"Periksa para jaksa dan hakimnya, periksa seluruh rekening keluarga mereka"
mr.bit1968,14/5/2026, 14.21.17,0,"Pak mantan menteri pendidikan sabar, Kita melihat kebelakang dulu jadi menteri pendidikan apakah ada perasaan membuat guru susah"
_mdku_,14/5/2026, 14.05.00,0,"Kerugian negara akibat nikel harvey muis vs chromebook nadiem gedean mana?"
d.bobby13,14/5/2026, 14.04.29,0,"😢😢😢"
rafendachrisdian,14/5/2026, 13.58.11,0,"@prabowo @gibran_rakabuming di tag dimana"". skali pidato cmn menggerutu. pasangan payah pak 👎"
ammarbror,14/5/2026, 13.51.18,2,"jujur udah di level jiji liat tingkah negara konoha 🙏🏼"
masnovendi,14/5/2026, 13.32.24,0,"coba pak nadiem mau ikutan yg lain"
tubagusilham27,14/5/2026, 13.21.21,0,"Spill JPU nadiem"
raflianggara31,14/5/2026, 13.20.50,1,"Pak @prabowo yakin ngga mau berbenah pak ? Tiap hari kita dipertontonkan drama hukum yang ngga masuk akal. Yang nampak tak ditindak, yang tak layak diganjar justru dikejar. 🙃"
rein.7194111,14/5/2026, 13.12.08,0,""
thien_an26,14/5/2026, 13.07.47,0,"Pulisk,jaksa,hakim para penegak hukum ini,siapa yg ngadili mereka kalau salah? Ada tp gak ada"
frmnpkya,14/5/2026, 12.52.57,0,"Wkwkwkwkkwkwkwk jaksa udah kek preman bayaran 🤣"
trias_herdiana,14/5/2026, 12.36.17,0,"😢"
squirrel.5951048,14/5/2026, 12.35.11,0,"Jaksa + uang"
anangnamikaze,14/5/2026, 12.33.25,0,"Nnti tuntut balik hukum akhirat Pak Nadiem lbh adil"
cherry.cer_,14/5/2026, 12.30.42,0,"Negara sakit"
a.bimao,14/5/2026, 12.29.35,0,"litereli tumbal proyek"
_ainurridwan_,14/5/2026, 12.29.10,0,""
ihsanm27,14/5/2026, 12.25.47,0,"Nyanyi mangkanya, seret jokowi ke penjara"
sitha_soerjo,14/5/2026, 12.16.31,0,"Tuhan, kasihanilah kami,  orang Indonesia yang tersandera kegelapan pikiran dan hati.  Izinkan kami menyaksikan kemuliaanMu dengan terwujudnya Kemanusiaan yang adil dan beradab. Amin."
moalfareza,14/5/2026, 11.55.47,0,"joko anj"
bernard_id,14/5/2026, 11.52.04,0,"Coba tetep di gojek gak masuk kabinet gak bakal kaya gini??? F*ck you!!! Ketika jiwa raga lu udah selesai dengan urusan pribadi, apa yg harus lu lakukan? Yes.. membantu orang lain, Saat lu sudah bantu banyak orang tapi lu punya kesempatan untuk bisa merubah bangsa dari sistem bobrok yg mengakar, lu akan coba membantu bro… Kalo ada kesempatan. yg lebih baik untuk memajukan bangsa ini tapi lu gak berani ambil, harus di pertanyakan untuk apa lu jadi orang indonesia?"
alfianfian_7,14/5/2026, 11.48.07,0,"Embarrassing"
djallonly,14/5/2026, 11.33.28,0,"RESET HUKUM & APARATNYA. RESET INDONESIA. DARURAT KEMANUSIAAN."
azizbakso,14/5/2026, 11.24.54,0,"Tumbal proyek😢"
monyusss,14/5/2026, 11.20.19,0,"Hakim sekarang itu bukan lagi wakil Tuhan ya nampaknya.. Wakil untuk sebagian kaum yang punya kepentingan lebih tepatnya. Pintar tapi intuisi, hati nurani nya ga bekerja 😢"
sadiyastore,14/5/2026, 11.16.41,0,"Ya Allah pak gojek, 😢 semoga Allah tunjukan keadilannya, jahat banget hukum di negeri ini, naudzubillahimindzalik"
nadezier.sirbir141,14/5/2026, 11.14.21,0,"Separah inikah rusaknya negriku ini😢😢😢"
artur_chen_jerwmy,14/5/2026, 11.06.25,0,"Jaksa pasti disuap ,nanti gilirannya anda bisa masuk bui ,,jangan lupa karma"
adityaanggaprak,14/5/2026, 10.56.06,0,"Aliran dana ke jaksa berapa?"
hanzslytherin,14/5/2026, 10.45.19,0,"RIPjustice"
ilman_septian,14/5/2026, 10.44.14,0,"Hebat sih cara @kejaksaan.ri dgn pasti di acc @prabowo @jokowi menghajar orang pinter yg jelas2 membawa positif ke pemerintah dan menguntungkan negara dgn d kriminalisasi mungkin sih next d culik kali y pa? Hehe. Jd buat orang pinter dan jujur pada takut masuk circle pemerintah, dan akhirnya yg menjabat adalah pasukan @puspentni @91agussubiyanto @divisihumaspolri @listyosigitprabowo pokoknya orang yg bukan bidangnya, macam tukang kecoa pimpin @badangizinasional.ri 👏👏🫡😁 Nice Strateginya"
ivomartina11,14/5/2026, 10.38.13,0,"💔💔💔💔💔🥀🥀🥀🥀🥀🥀🥀🥀"
woipamiii,14/5/2026, 10.36.53,0,"#kamitidakpercayaoknumjaksa"
safiiier4,14/5/2026, 10.35.38,0,"Tag jaksapedia hama"
faishal_amma,14/5/2026, 10.30.44,0,"negara RUSAK,"
tiarara94,14/5/2026, 10.29.06,0,"Negara apaan sih ini"
andikurniawan1105,14/5/2026, 10.25.46,0,"@prabowo he anjing lonte kontol biji satu, lakanat kau ,. Diam saja hukum seperti ini, bajingan anak lonte .,. @gerindra partai kontol admin anak anjing ., mama lonte., diam doang keadilan kek gini., @jokowi setan bajingan"
__valkryrie__,14/5/2026, 10.02.04,0,"#justicefornadiem #justiceforibam"
emendtheo,14/5/2026, 09.56.52,0,"@kejaksaan.ri cek aliran dana ke hakim berani gak...😂😂 @official.kpk"
mikenahor,14/5/2026, 09.46.37,0,"Jaman prabowo hukum ugal2an. Mereka semua tahu, ini waktunya cari makan prabowo pasti diem karna lg bagi2 kue"
abdulrahmanhasyim52,14/5/2026, 09.41.53,0,"😢😢"
raihanmeazza,14/5/2026, 09.38.42,0,"Hahaha Indon, the failed state 😂"
everythingisyou007,14/5/2026, 09.32.25,0,"udah di jebak, di penjara dimana hati nurani nya"
nvhrdn_,14/5/2026, 09.26.38,0,"RIP HUKUM INDONESIA"
himitsuge,14/5/2026, 09.11.06,0,"Anak gue klo udh gede HARAM HUKUMNYA JADI JAKSA."
balsoee_,14/5/2026, 09.04.25,0,"pait pait"
adrian_arnasaputra,14/5/2026, 09.03.45,0,"Ngenes hidup di konoha... 😢"
dimasarie9,14/5/2026, 08.59.48,0,"@kejaksaan.ri NEGARA GOBLOGG"
anggatrirahwandi,14/5/2026, 08.44.36,0,"Seharusnya kalo beli banyak kan diskon. Ini kok makin mahal. Disitu aja udah ga wajar 😂"
windulestari23,14/5/2026, 08.42.35,0,"Rip keadilan 🥀"
vsl_hndr,14/5/2026, 08.26.17,0,"Mampus2 investor asing pada cabut takut hukum gaje disini Indonesia bapuk 2045😂😂"
izzaaesar,14/5/2026, 08.23.02,0,"BAHKAN SEKELAS JAKSA AGUNG SUDAH KEHILANGAN MARWAHNYA"
bangmis,14/5/2026, 08.15.43,0,"maaf OOT, kalo ada yg ingin mengetahui lebih jauh tentang gratifikasi menggunakan modus penyertaan moda/co investmentl ke perusahaan yg sudah di-""balik-nama"" harus lihat artikel/buku/podcast mana ya ?"
fadlibjbr14,14/5/2026, 08.11.07,0,"maluuu orang mah @prabowo"
joyisgood777,14/5/2026, 08.09.34,0,"@kejaksaan.ri @prabowo @official.kpk @divisihumaspolri  kriminalisasi at it's best 👏👏👏 #malesjadiwni"
antoncastello22,14/5/2026, 07.55.47,0,"Jaksa yg menuntut nadim makarin sebaiknya beralaih profesi jadi juri lomba cerdas cermat MPR, menggantikan juri yg lama"
anggaanaksehat,14/5/2026, 07.55.32,0,"Siapa sih jaksanya? Serlok rumahnya"
fauzi_iqball,14/5/2026, 07.49.50,0,"@prabowo yang penting hidup embegeee 😹"
tedisetiadi24,14/5/2026, 07.23.26,0,"@mfikrifzn26 imam besar pak piw"
jadidirektur,14/5/2026, 07.15.28,0,"Sbnrnya dosa dia ama penguasa apa si?"
whynhanifah,14/5/2026, 07.14.08,0,"Untungnya yang sebelumnya di-reshuffle"
rebahanizm,14/5/2026, 07.13.52,0,"Pertama tom lembong, dua beliau"
blackxie01,14/5/2026, 07.10.40,0,"Berarty jaksa ny yg perlu diselidiki Knp bisa kssi tuntutan tanpa adanya bukti yg konkritt ??"
ammar_tourleader,14/5/2026, 06.53.36,0,"@gojekindonesia tunjukkan pesonamu"
ammar_tourleader,14/5/2026, 06.53.08,0,"Pahlawan ekonomi ojol 👏🔥"
zenitharani,14/5/2026, 06.44.13,0,"Dulu saya merasakan kemudahan karena kebijakan kampus merdeka pa nadiem.. tapi sekarang beliau sedang kesulitan dan saya hanya bisa mendoakan."
agspanduw,14/5/2026, 06.42.47,0,"FFS"
goesnadie,14/5/2026, 06.35.56,0,"Pasrah/Tawakkal dan serahkan pada Tuhan YME....Pemerintahan sekuat dan sehebat apapun... Bila aparaturnya menjalankan dgn kezholiman / menindas rakyatnya demi kekuasaan .... Maka tunggu saja saat kehancurannya.....krn bumi tak mampu menampung Do'a2 dan uraian air mata penindasan dlm tangisan KEZHOLIMAN.....@nadiemmakarim"
clarys_dew,14/5/2026, 06.18.31,0,"BPK yang mengaudit nadiem kudu diperiksa sih, karena janggal"
emmanuelalvino_maisara,14/5/2026, 06.12.32,0,"Tim penasihat hukum Nadiem dan para pendukungnya menilai mantan Mendikbudristek tersebut seharusnya dibebaskan dari segala tuntutan hukum karena alasan berikut: Ketiadaan Bukti Materiil (Nol Bukti): Tim hukum Nadiem menyatakan bahwa seluruh tuduhan yang dilemparkan di dalam dakwaan tidak didukung oleh fakta persidangan. Saksi-saksi dan ahli yang dihadirkan dinilai gagal membuktikan adanya penyalahgunaan wewenang secara sengaja. Tidak Menerima Aliran Dana: Nadiem secara konsisten menegaskan tidak ada unsur korupsi maupun kesalahan administrasi yang ia lakukan. Ia tidak terbukti menerima aliran dana korupsi sepeser pun, sehingga tuntutan denda triliunan rupiah dianggap tidak masuk akal dan dipaksakan demi mencegah dirinya bebas. Sentimen Kriminalisasi Inovasi: Kasus ini dianggap memberikan preseden buruk bagi anak muda profesional non-partai yang ingin memajukan transparansi sistem pemerintahan lewat teknologi.  Jaksa Penuntut Umum (JPU) menilai Nadiem Makarim bersalah dan tidak layak dibebaskan, sehingga menuntut hukuman berat berupa 18 tahun penjara atas dasar:  Kerugian Negara yang Masif: Proyek digitalisasi pengadaan laptop Chromebook dan Chrome Device Management (CDM) tahun 2019–2022 ini dinilai telah merugikan keuangan negara sebesar Rp2,18 triliun. Tindak Pidana Bersama-sama: Jaksa meyakini Nadiem terbukti melakukan korupsi secara bersama-sama dengan para pejabat Kemendikbudristek lainnya melalui penerbitan aturan spesifikasi yang mengunci merek tertentu. Oleh karena itu, ia dituntut membayar uang pengganti hingga Rp5,6 triliun."
wayan_jangki,14/5/2026, 06.06.48,0,"@kejaksaan.ri sehat ??"
gamalieltampubolon,14/5/2026, 06.02.39,0,"😢"
benisubektii,14/5/2026, 05.58.58,0,"Adili jaksa🔥"
eveningshower_,14/5/2026, 05.48.11,0,"Emang jaksanya nyari2 aja. Ga ketemu tetap dituntut. Fck logic"
yanamarizka,14/5/2026, 05.47.53,0,"😢😢😢"
strollwith.anita,14/5/2026, 05.18.43,0,"JAKSANYA SIAPA SUMPAAAAH YAH"
vemaska,14/5/2026, 05.12.59,0,"Jahat bangett"
santydlestari,14/5/2026, 05.09.32,0,"Pak Nadiem ini jelas2 di dzolimi, ayok pa berdoa ke Allah pasti d kabul doa org2 terdzolimi... Dan yg mendzolimi siap2 di adili di akhirat tempat sebenar2 nya pengadilan"
moharief11,14/5/2026, 05.08.00,0,"Nilai TKA itu jadi bukti kalau pendidikan yang dikelola di masa menteri ini bobrok, kurikulum merdeka bukti kegagalan rezim mencerdaskan anak bangsa"
teukuilyasrinaldi_,14/5/2026, 04.54.39,0,"Gile baru kali ini tuntutan korupsi 18 + 9 tahun😂"
revelzweet,14/5/2026, 04.22.30,0,"GANTIAN, KITA LIAT ALIRAN DANA KE JAKSA, AYOK COBA🔥"
rftyyz_,14/5/2026, 03.57.08,0,"TEMPO GASSS 🔥❤️❤️"
aqmarinadiva,14/5/2026, 03.48.54,0,"Hakimnya salah baca tu seharusnya 1.8 thn bukan 18 tahun?! Koma nya kurang tuu! Haissshh hukum dunia khusunya indonesia kenapa selalu ga pernah adil! 😡🤬😡"
ralifanisaz,14/5/2026, 03.45.35,0,"rotten from the inside"
happylifeever5,14/5/2026, 03.40.31,0,"#RIP_Indonesia"
suhennydwi,14/5/2026, 03.03.56,0,"#bebaskanNADIEM"
fin.andita,14/5/2026, 02.42.46,0,"Pak semoga suatu hari anda menjadi presiden kami🔥🔥"
cello.ip,14/5/2026, 01.19.17,0,"@prabowo"
icaalt,14/5/2026, 00.53.21,0,"Pak Nadiem🥺"
akhmdrzqqq,14/5/2026, 00.30.38,0,"OJOL KAPAN GERAK, TENTUKAN TANGGAL!!!!!!🔥"
laurent_llm,14/5/2026, 00.22.39,0,"18+9☠️"
tommychristhoper,14/5/2026, 00.14.02,0,"Dengan kasus 271T apa kabar yang benar benar terbukti 😢"
hendygnwn01,14/5/2026, 00.11.56,0,"Yang berwenang untuk hitung kerugian negara & tahu aliran dana kemana sudah tewas terbakar di ruang kerjanya (mungkin beserta barang buktinya) 8 mei lalu. Selain itu hakim di pengadilan ini harusnya sedang terkena hukuman sanksi non-palu (tidak boleh jadi hakim sidang) dari Komisi Yudisial di tanggal 8 Des25, tapi anehnya tgl 9 Des25 ybs malah jadi Hakim Ketua kasus chromebook."
poetrathepeople,14/5/2026, 00.10.57,0,"bisa nggak sih setelah adili jokowi gantian adili jaksa"
danawidy110,14/5/2026, 00.03.16,0,"Jaksanya udah dpt cuan.... Jelas2lah"
irma_ashidiq,14/5/2026, 00.00.17,0,"duh pak Nadiem, meskipun aku tidak terlalu paham hukum positif di Indonesia tapi sampai saat ini warga Indonesia masih menikmati hasil karya kreativitas bapak yaitu Gojek. semoga jadi amal jariyah bapak dan semoga bapak mendapatkan keadilan yang sebenar-benarnya."
pptfsleepy,13/5/2026, 23.12.25,0,"@prabowo tlg pak buktiin bapak layak"
reliman_gea,13/5/2026, 22.39.07,0,"elu yg gagal udh masuk lingkaran setan jokowi 😁"
ayuu_febri,13/5/2026, 22.10.29,0,"SAYA BERSAKSI BERKAT PROGRAM2 dari BAPAK, MINDSET SAYA BERUBAH TTG PENDIDIKAN DAN MENDIDIK. Bapak lah yg membuat saya sampai di titik Sejauh dan Seluarbiasa ini dalam mengembangkan kompetensi dan BERDEDIKASI dengan luar biasa."
tintin.labs,13/5/2026, 22.02.05,0,""
verinnarizki,13/5/2026, 21.02.16,0,"ya Allah makin mengerikann 😭😭"
evieandy_,13/5/2026, 20.29.39,0,"Beliau sudah menciptakan lapangan kerja dan hampir seluruh masyarakat Indonesia sangat terbantu dengan aplikasi gojek."
amrul_rizky13,13/5/2026, 19.50.15,0,"😢"
bays_prasetiyo,13/5/2026, 19.35.05,0,"MBG beli  motor dari India ya? buat apa ya pak ini buat pinter generasi di cari kesalahannya ya Allah 😢"
zzabidin,13/5/2026, 19.29.46,0,"💔🥀"
hotcoffee.club,13/5/2026, 19.16.19,0,"Jaksa bajingan"
tyasluthf,13/5/2026, 18.09.13,0,"Kesalahan terbesar pak nadiem bergabung sama pemerintah !!!"
nurasasa18,13/5/2026, 11.20.39,0,"Sekarang gantian giliran @kejaksaan.ri yang diperiksa aliran dana nya. Pasti mencret panik 😂"
ghiaawn,13/5/2026, 10.36.54,0,"Jaksanya gabut, nyari yg gak ada ngapain"
salswicakputra,13/5/2026, 10.34.10,0,"@mori.marsel gak berani mas. jaksa beraninya sama tokoh non politik dan pejabat tanpa pengaruh kayak dirjen, menteri non partai pokoknya yg ga ada dukungan politik"
asli_halalmart,13/5/2026, 09.15.14,0,"Saya lebih kasian dengan konsultannya yg dihukum 4 th penjara pdhal ga bersalah"
is.ma3390,13/5/2026, 05.16.42,0,"LAWAN !!!!!! Pengilan Sesat"
suryadivictor,12/5/2026, 21.56.13,0,"INILAH YANG DI SEBUT DENGAN PERFECT CRIME YANG DIBUAT OLEH JAKSA DAN HAKIM.... BEDEBAH SEKALI KELAKUAN MEREKA, BIADAB... PAK PRABOWO INI LAH SAATNYA ANDA MENUNJUKAN KEPADA KAMI BAHWA ANDALAH PRESIDEN KAMI MASYARAKAT... TOLONG PAK, PAKAILAH HAK POLITIK MU UNTUK MEMBEBASKAN ORANG YANG TERZOLIMI INI.... KAMI TIDAK BODOH KAMI TIDAK DUNGU KAMI TIDAK BUDEK DAN KAMI TIDAK BUTA, KAMI DAPAT MELIHAT DENGAN JELAS KRIMINALISASI INI... TOLONG PAK, YOU NEED TO DO THIS NOW , MORE THAN EVER... FROM US YOUR PEOPLE WHO LOVE YOU, BUT STARTED TO HATE THE JUSTICE SYSTEM UNDER YOUR REZIM.... YOU HAVE TO FIX THIS PROBLEM NOW , PLEASE PAK WE STILL HAVE A BIT HOPE IN YOUR WISDOM, AND WE HOPE WE WILL SEE IT IN THIS MATTER"
pharu_92,12/5/2026, 20.57.25,0,"Haduhh.. jangan overclaim dulu, masih proses sidang 😂"
kucuma,12/5/2026, 16.59.56,0,"Udah deh jaksa ga tau malu mending lu lepas ni org aja tmbh lama tambah memalukan"
seadit_2023,12/5/2026, 15.21.46,0,"Lha kan emang dikorbankan, pasti terkuak siapa biang nya😂😂"
danurabbani,12/5/2026, 14.09.14,0,"Mohon maaf kalo yang guru udah kurang suka sama pak nadiem. Matkul dan kemajuannya tidak signifikan pas dia menjabat.👏"
nathasia.sylvia1990,12/5/2026, 13.25.40,0,"Tuhan tolong ungkapkan kebenaran...Engkau yg bela pak Nadiem..bungkam para oefitnah pak Nadiem Tuhan...bahkan Tuhan bongkar semua Samapi mereka tak bisa bangkit berdiri lagi...Tuhan jaga pak Nadiem ...Tuhan kuatkan hati pak @nadiemmakarim biarlah mujizat demi Mukjizat  Tuhan berikan buat pak Nadiem...amin 🙏🫶"
cucaethancool,12/5/2026, 12.26.29,0,"Saya pgn bapak ini bisa mengungkapkn kira2 siapa dalangnya dan apa motifnya. Apakah ada kasus yg lebih besar sdh disbunyikan. 🔥"
f.alexsandy,12/5/2026, 11.45.25,0,"Mafia proyek yang diuntungkan tidak tersentuh hukum..."
evievitazuplika,12/5/2026, 11.33.59,0,"🔥🔥"
ishtarkultt,12/5/2026, 11.33.17,0,"kaga pada takut apah itu org2 yg fitnah..hidupnya dikira bakal selamanya😂"
bunai.bontang,12/5/2026, 11.00.01,0,"Menyedihkan hukum di negara ini😢"
mei.smendrfa,12/5/2026, 10.19.16,0,"""Mereka gagal menemukan aliran dana"". 😏 curiga anda punya cara lain untuk meloloskan penggelapan anda. 🔥"
nellikeslan,12/5/2026, 10.17.08,0,"Nah loh......."
maria.eugeny,12/5/2026, 08.43.06,0,"Bebaskan Nadiem"
yoniuskono,12/5/2026, 07.39.59,0,"Semoga TUHAN sentuh hati Para Jaksa agar bebaskan Mas Nadiem🙏. Kebenaran akan menemukan jalannya dan TUHAN akan permalukan mereka satu-persatu yang jahat dengan Mas Nadiem🙏"
eraleys,12/5/2026, 07.36.53,0,"Sehat terus ya Nadiem Makarim smpe semua semua bs dibuktikan bahwa anda tidak salah💪🏻💪🏻🙏🙏🌹"
ariantosofian73,12/5/2026, 06.44.17,0,"Mata airmu dari Solo Terkurung gunung seribu Air meluap sampai jauh Dan akhirnya ke laut , udah bener jadi pengusaha, malah ikutan Jokowi"
jen68itink0802,11/5/2026, 23.19.27,0,"Ini bermula dari Proses dan Penetapan Peraturan Menteri Pendidikan dan Kebudayaan Nomor 5 Tahun 2021 mengatur tentang Petunjuk Operasional Dana Alokasi Khusus (DAK) Fisik Reguler Bidang Pendidikan Tahun Anggaran 2021 , sehingga semua Pelaku Pengadaan Chromebook tersebut (KPA/PPK) menyudutkan Pak Nadiem"
nunuwisnunu,11/5/2026, 15.55.27,0,"Bongkar tuh sumber aliran dana dan kekayaan para jaksa Indo, pada berani ga tuh 🥱🥱🥱"
vinisla.90,11/5/2026, 11.38.56,0,"Pak emang mereka sengaja cari2 kesalahan😢"
qurafalkh,11/5/2026, 11.14.47,0,""
muthmainnah9,11/5/2026, 10.29.29,0,"Pokoknya tangkap saja dulu, cari kesalahan belakang @kejaksaan.ri"
nama_kimmi_,11/5/2026, 10.07.30,0,"Coba balikkan dong, periksa aliran dana ke jaksa, , opsi aja sih wkwk"
zhilalarsyi,11/5/2026, 09.52.45,0,"xixixixix"
jeannymilka,11/5/2026, 08.39.51,0,"kasian pak nadiem😢"
lindawati3325,11/5/2026, 08.21.05,0,"Jangan ada yg mau kalau ikut protek pemerintah..malah jadi korban 😂😂"
hermindj,11/5/2026, 02.59.56,0,"Seret Jokowi ke meja hijau sdh fitnah"
agilku117,11/5/2026, 01.15.40,0,"Bukti gak ada, tapi hukuman tetap dicari."
diviasty,11/5/2026, 00.11.58,0,"MENYALA KING"
hasanbasririzkaputra,10/5/2026, 22.19.35,0,"Sama kyk Kisah Anak MT yg ingin ngasih ide perubahan, semangat pak 🔥🔥"
prakosocas,10/5/2026, 21.36.33,0,"Semoga gue diberikan kenikmatan melihat kejatuhan mereka"
cen_6677888,10/5/2026, 20.32.15,0,"Hpnya jaksa diperiksa itu"
dheaa._c,10/5/2026, 19.29.29,0,"Kejaksaan indo pada kenapa sih, ga belajar dari kasus kemarin kah. Ya, gimana pure jujur aja di sistem kejaksaaan masih diragukan"
ita_s_wibisono,10/5/2026, 19.00.10,0,"Kawal pak Nadiem.... Bebaskan...."
hasan_asyari1,10/5/2026, 18.04.06,0,"Kebenaran akan selalu menemukan jalannya cepat atau lambat Semangat Pak @nadiemmakarim"
hilal_uddin,10/5/2026, 16.49.41,0,"Who knows ya, kita tidak tahu seperti apa, jadi ingat kisahNabi Musa dan Kantong Berisi 1000 Dinar."
zakiahputri03,10/5/2026, 16.03.46,0,"Permasalahan yang ngga ada malah di ada2in"
bamadityo,10/5/2026, 14.00.47,0,"Daerah 3T ttp pake chromebook Mas?"
munirul.ichwan14,10/5/2026, 13.39.40,0,"Runtuhnya nasionalisme anak bangsa  bukan lagi soal faham ekstrimisme, ttp melihat penghianatan amanah rakyat yg dititipkan kpd wakilnya sprti Bom waktu bagi bangsanya. Lucunya lg parpol yg katanya pembawa aspirasi rakyat malah menjadi titipan kepentingan kelompok."
samyz06,10/5/2026, 13.09.21,0,"Market gak percaya pemerintahan saat ini ya krena ini. Pejabat yg profesional dan jujur mlah jd korban tp ahli serangga yg beli kaos kaki miliaran boros anggaran"
ichagooo,10/5/2026, 13.01.47,0,"Coba aliran dana jaksa sm cecunguknya diperiksa biar kaget😂"
ardidris,10/5/2026, 11.40.50,0,"Ngeri penghasilan dari YouTube bisa kena cuy"
syayidan,10/5/2026, 10.36.43,0,"Jaksa  J=P"
congorpedia,10/5/2026, 10.09.03,0,"Dana mengalirkan ke Jurissetan ingat yaaa.. jangan lengah dia pinjam tangan orang"
yyudis606,10/5/2026, 09.33.36,0,"Tuntut balik KPK dan kejaksaan"
qqrzqqq,10/5/2026, 08.55.46,0,"Kesimpulannya Luhut dan Jokowi harus di tangkap"
be_buch,10/5/2026, 08.50.57,0,"Sehat selalu,pak. Semoga kebenaran me.nemukan jalannya🙏"
ahmadbdr26,10/5/2026, 08.22.54,0,"Udah kayak gini, masih percaya sama rezim Prabowo? Sejak jadi presiden penerapan hukum makin carut marut 😂😂"
de_og,10/5/2026, 07.56.25,0,"Gantian, cek aliran dana ke Jaksa"
mariamedyatrikssmahu,10/5/2026, 06.14.51,0,"Semoga bebas ya pak nadim"
wisnuanemone,10/5/2026, 00.10.15,0,"Harusnya Tempo periksa aliran dana ke oknum jaksa berapa.... Kalau pun berani😂"
ottesm,9/5/2026, 21.38.36,0,"Sdh sukses diluar pemerintahan, agak ngeri2 sedap jika masuk dalam pemerintahan di konoha😢😢. Gak heran jika bnyk sdh berhasil diluar negri ogah utk balik ke negara sendiri. Diluar malah lbh dihargai diapresiasi dan dilindungi. Ini di negara sendiri kok malah dihancurkan🔥🔥🔥."
ohjihan7,9/5/2026, 21.11.11,0,"Kawal smpe bebas"
ckcollectibles.official,9/5/2026, 21.04.52,0,"Tuntut balik saja jaksanya"
yuniarti.irwan,9/5/2026, 21.03.36,0,"jaksa goblok diputer aja liat aliran dana yg diterima pak jaksa brp banyak dari siapa? sampe ngotot,ga salah masih aja dicari salahnya. gila jaksa nya"
tn.jefry,9/5/2026, 20.29.07,0,"Pak Nadiem. Kebenaran akan berpihak ke Bapa"
ananda_rizeqia,9/5/2026, 20.24.26,0,"yg nyuruh siapa pak? pasti jawaban orang itu"
m.asror94,9/5/2026, 20.07.04,0,"Susah jd pejabat professional di pemerintahan pasti jadi Inceran jd tumbal beda hal nya kalo di bawah naungan parpol. Emg rusak pejabat Kita semua ini sbnernya. Krna berada di bawah naungan parpol . Manut2 ae. Yg professional jd tumbal😂"
ilham_basyid,9/5/2026, 13.37.10,0,"Sekolah tinggi"" Belajar hukum tapi nyari duniawi sampai lupa kalau ada akhirat"
nrh.dyani,9/5/2026, 12.42.12,0,"Aliran dana ke jaksa gmn?"
masyrifandhs,9/5/2026, 12.39.54,0,"semangat pak nadiem!!!!🔥🙌"
kak_uwi_,9/5/2026, 12.16.21,0,"😢 sedihh bgt sih"
mariopadengs,9/5/2026, 12.14.17,0,"@prabowo Bapakkk....tolong ini di kasih perhatian juga Pak🙏🏻"
juls.had,9/5/2026, 10.18.39,0,"Dia tidak bersalah, cuma negara ini dipimpin oleh orang orang SALAH"
ojolmentiko_,9/5/2026, 09.59.09,0,"Jaksa sekarang dongok²"
gardameier,9/5/2026, 09.07.16,0,"lagian bapak ini gimana sih. kalo ada yg mahal kenapa milih yang murah???"
ben.suhardi,9/5/2026, 08.49.36,0,"Masih belum selesai ini?????"
31faga,9/5/2026, 08.44.51,0,"Kesalahan beliau cuma 1, menjadi bagian dr pemerintahan yg problematik dan korup. Saya yakin seorang visioner seperti beliau ini bukan mentak korup. Mirip sprti pak Tom."
nur_hasisahsupu96,9/5/2026, 07.20.07,0,"Semoga cepat bebas pak nadiem. Kami generasi penerus bangsa sakit banget lihat indonesia sehancur ini😢"
theo_sinaga22,9/5/2026, 07.17.02,0,"Nadiem Makarim dijadikan tumbal buat nutupin kasus a yaa?"
krtkhdwjy,8/5/2026, 23.24.57,0,"Semangat pak nadiem"
kristy.parura,8/5/2026, 20.15.40,0,"Save Nadiem❤️"
mhd.affandy03,8/5/2026, 17.55.44,0,"Semua pengalihan isu ,agar manusia gorong"" dan kroni"" ny GK LG menjadi topik berita di media nasional ! Ijazah palsu aja berita ny lenyap ,yg viral skrg ponpes pati . JD media KLO kita bijak menanggapinya itu cuma alat propaganda untuk melindungi kasus mereka"" !"
screamadactly,8/5/2026, 15.13.12,0,"JPU ini pada kuliah gak sih, atau kebanyakan masuknya nyogok ya makanya pengen balik modal"
makemehappy71117,8/5/2026, 12.06.51,0,"Dia ini dijadikan contoh, kalau ga ikut bos, siap-siap jadi Nadiem"
zammifthlrhm,8/5/2026, 08.33.50,0,"Coba cek digoogle tanya ke google duitnya ditransfer kesiapa"
fadmazlani,8/5/2026, 08.19.49,0,"the dumb being dumber"
ndrew_mbret,8/5/2026, 08.09.36,0,"Harus pinter kayak pak nadiem nih biar tidak diombang ambingkan mereka haha haha haha haha kocakkkk"
maestropull,8/5/2026, 07.03.21,0,"apakah menteri sebelumnya.....?"
meg.umifu,8/5/2026, 05.41.20,0,"@kejaksaan.ri SAYA LEBIH PERCAYA NASA PERNAH KE BULAN DARIPADA JAKSA FITNAH TANPA BUKTI😂😂😂😂😂😂😂, LU BELAJAR HUKUM UNTUK JADI PECUNDANG!???"
huntedbyschafer,8/5/2026, 02.10.38,0,""
lulyluthfianaherlambang,8/5/2026, 01.48.18,0,"😢"
ciiciitaaa,8/5/2026, 01.30.05,0,"Nadiem nadiem lu terlalu calm makanya jadi kmbing hitam, coba lu jilat jilat dikit klau ngmg sama atasan, kyak org2 munafik lainnya. Di 62 Yg pake hijab pun hatinya jelek senyum aja ogah mreka, jangan percaya. Orang yg curang al mutafifin, org munafiq, org pengumpat  firman Allah bnyk. Take care"
just_rengga,7/5/2026, 23.51.18,0,""
_anhso,7/5/2026, 21.23.22,0,"Semoga jaksanya panjang umur sampe g bisa apa2 selain minta mati doanya 😂"
_yoursoul28,7/5/2026, 19.53.56,0,"itu lhooo periksa sepatu anak sekolah rakyat 700 rb sepasang.... suruh bikinin aerostreet aja sih , anakku pake 2 taon baru rusak , itupun buat latihan paskibra"
bakti.bbc,7/5/2026, 19.50.35,0,"Gagal? Dih cari2 kesalahan bgt bgst"
rizqikabirilka,7/5/2026, 19.24.35,0,"Belajar hukum untuk membela suatu kepentingan,, bukan membela benar dan salah,, djanc*****kkk..."
w1ll14mt,7/5/2026, 19.11.02,0,"Tuntut balik jaksanya kl gk bisa membaca data apa lg smp menunut org korupsi."
tony_kho_,7/5/2026, 19.01.05,0,"Kasian nadim di tipu embel embel membangun Negeri 😂😂😂"
karimrizn,7/5/2026, 18.41.48,0,"Seriusan di negara ini nggak ada sanksi bagi jaksa kalau asal bacot?"
ratutriana.u,7/5/2026, 18.28.04,0,"APA KABAR MBG?"
muhammadsahrirx,7/5/2026, 17.05.37,0,"Bapak ini seperti masuk jebakan"
b3n_ech,7/5/2026, 15.47.40,0,"alah anak-anak sekarang pada goblok2 karena gonta ganti kurikulum gak tahu targetmu apa saat jadi menteri."
pertiwiasril,7/5/2026, 14.17.47,0,"👏👏👏🔥"
ekaradhitya,7/5/2026, 14.16.23,0,"Orang2 gila itu jaksanya"
pelvindianggare,7/5/2026, 12.59.20,0,"udah paling bener mentri terbaik era nya pak nadiem malah disidak nyidak dpr nya ngk brani @prabowo @gibran_rakabuming @official.kpk kembaliin kemdikbud ke kurikulum seperti kemarin"
pokemon.laut,7/5/2026, 12.51.43,0,"Banyak banget yg dicari tumbal buat dijadiin tersangkanya, bangkai emg sebau itu, naudzubillah min dzalik"
mhd_ikhsann,7/5/2026, 12.47.00,0,"JAKSA SIBUK NYARI KESALAHAN ORANG BENER, TAPI BISA GA KALO JAKSA DIPERIKSA BALIK ? IMKOMPETEN SEKALI INSTANSI SATU INI, MENJIJIKAN"
jiwatomo_6,7/5/2026, 12.29.18,0,"tinggal bilang salah ambil kebijakan, beres kok. terus tiba2 di remisi ama presiden"
wa_hyu.di,7/5/2026, 12.02.19,0,"Ujungnya dibebaskan ini bpk ojol Indonesia... yg namanya disebut dalam bnyk kasus korupsi sebelumnya aja kaga pernah dipanggil"
r.sariningtias,7/5/2026, 11.26.03,0,"❤️"
chitoezz,7/5/2026, 11.20.21,0,"Bs gak sih. Jaksa2 yg sembarangan nge judge it bs dtuntut balik😂"
maulana077,7/5/2026, 11.19.37,0,"@kejaksaan.ri percuma jadi jaksa sekolah tinggi2 medun o wae ngisin² i"
indrayvt,7/5/2026, 11.08.31,0,"Mmg masih percaya mereka??"
suciluvv,7/5/2026, 10.46.34,0,"semoga Allah melindungi beliau. sehat sehat pak."
rosidahchiftiasari,7/5/2026, 09.56.36,0,"Abis ini siapa lagi yang kena? Drama hukum di Indonesia makin lama makin lawak aja"
sonosocana.id,7/5/2026, 09.40.27,0,"Hukum indonesia ditunjukan dengan seksama dan seburuk buruknya"
maria_angel1512,7/5/2026, 08.59.26,0,"Tuhan Yesus bersama Bapak Nadiem"
abcdefghijklmnopqwertyuiopsz,7/5/2026, 08.54.29,0,"WKWKWKWKWKWKWKK"
byrilla_id,7/5/2026, 08.45.37,0,"Ini pesenannya siapa sih.. kirain sdh bebas.. ternyata belum"
widyaputri.ard,7/5/2026, 08.34.38,0,"Kalau kejaksaan mau masuk ranah ""untung rugi"" utk dikriminalisasi, plis belajar ilmu bisnis dulu."
fawasalmahi,7/5/2026, 08.06.25,0,"Coba sekarang di cek itu si Jokowi"
enrelacuz,7/5/2026, 08.03.00,0,"Periksa Jaksanya tuh"
mad.ripki,7/5/2026, 07.14.33,0,"Jaksa bisa dituntut balik?"
arasmunandar,7/5/2026, 07.07.12,0,"Skrg gantian cek aliran dana ke Jaksa 🔥"
zkmhukum90,7/5/2026, 06.56.54,0,"Tapi perintah Jokowi tdk bs mereka lawan, periksa jaksa2 biadab itu pasti ada aliran dana haram tuh😂"
huangtiandi990,7/5/2026, 05.12.52,0,"Kualitas Jaksa sekarang agak🙅‍♂️"
sarah.christanti,7/5/2026, 04.48.29,0,"Pak.. semangat.. sya yakin bapak gak korup. Tapi 1 hal yg saya sesalkan, selama bapak menjabat, sistem kurikulum pendidikan indo makin drop ke bawah. Sma negeri kehilangan powernya, Banyak anak sma negeri yg belum lancar baca, tidak bisa perkalian, logikanya setara anak 4 tahun. Hasil lulusannya pun tidak diakui luar negeri 🙏🏻"
irfanharyf,7/5/2026, 01.32.17,0,"ingat, mas Nadiem ditangkap setelah tragedi mengerikannya saudara kita yaitu Alm. Affan, dan setelah tragedi itu juga instansi ramai dicecar dalam jangka waktu hampir 1 bulan. jadi kasus ini hanyalah sebuah .."
ssswagmessiah,7/5/2026, 00.27.46,0,"tangkep jokowi anjing"
jojowrix,7/5/2026, 00.14.39,0,"Gatau malu @kejaksaan.ri @asn.kejaksaan TOLOL"
13aktivis98masihhilang,6/5/2026, 22.54.02,0,"problemnya di Indonesia selama ini kritik publik bukan cuma “Chromebook vs Windows”. Kritiknya jauh lebih kompleks: apakah infrastruktur internet sekolah siap, apakah kebutuhan sekolah Indonesia cocok dengan sistem cloud, apakah ada kajian independen, apakah pengadaan terlalu dipaksakan, apakah ada vendor lock-in, apakah proses tender dan pengambilan kebijakannya fair, dan apakah spesifikasi itu benar-benar menjawab kebutuhan pendidikan Indonesia yang sangat timpang??? @nadiemmakarim"
veldyanp,6/5/2026, 22.51.39,0,"CARI TAU ALIRAN DANA SEMUA JAKSA YUK!"
woooooky,6/5/2026, 22.48.09,0,"@kejaksaan.ri KERJA YANG BENER LU"
kristiatmini,6/5/2026, 22.21.25,0,"Pak Nadiem...saya doakan bapak segera bebas yaaa❤️❤️❤️❤️"
qbunxs_farm,6/5/2026, 22.08.24,0,"Salah satu kasus yg di paksakan"
ntanbonchu,6/5/2026, 21.32.13,0,"Orang orang pinter pada didepak dari konoha, diganti sama orang yg minterin.. dah lah kusut"
istiqmhputri,6/5/2026, 21.29.54,0,"Dibilanv juga apaa"
dik_dodik,6/5/2026, 20.42.47,0,"Seluruh rakyat Indonesia akan melihat di alam Basyar nanti 😂"
livisyaaa,6/5/2026, 20.34.50,0,"Jaksa gagal menemukan apapun yg memberatkan bapak kok pak, tp mereka bingung aja mau kasih tau nya"
fasihullisan17,6/5/2026, 20.25.01,0,"Negoro pantek"
amsyudha,6/5/2026, 20.23.08,0,"😂😂😂"
arn.syh,6/5/2026, 20.16.20,0,"Cek noh MBG"
rush.idridho,6/5/2026, 19.12.39,0,"Udah lah langsung aja pada intinya panggil jokowi"
aldimahenn,6/5/2026, 19.08.17,0,"P info sepatu anak sepasang 700rb"
kenzo_ibadillah_rahmat,6/5/2026, 18.30.43,0,"Kebenaran mungkin bisa kalah, tapi tidak pernah salah - (Jusuf Hamka)"
excelpeter17_,6/5/2026, 16.44.46,0,"Yang sekarang sih windows yaa, tapi katanya hardisknya second hemm dengan segala laptop merk yang unik 😂"
riansyahm_,6/5/2026, 16.35.55,0,"keras orangnya solo"
desiansc,6/5/2026, 15.47.11,0,"👏👏👏"
21ani_chairani,6/5/2026, 15.30.26,0,"Semangat pak @nadiem_makarim__ … Haqul Yaqin… bhw Insya Allah semua kebenaran Allah buka semuanya ya… 👍"
achmaderza,6/5/2026, 15.18.47,0,"Kocak ya negara kita ini.. makanya pilih presiden jgn yg suka ngelantur😂 dikasih pilihan yg pinter pilih nya yg MBG 😂 skrg rasakan lah penderitaan mu"
adeeet_,6/5/2026, 15.12.38,0,"NKRI dinegoisasi diberbagai instansi, jangan pernah capek untuk Mencari Keadilan, karena capek itulah yang mereka inginkan😢"
007.steinert,6/5/2026, 14.52.45,0,"Klo Aliran dana ke Jaksa ada nggak yaa, soalnya maksa bnget gtu ... 😂😂😂😂"
yudayauds,6/5/2026, 14.40.12,0,"Enak ya disini hukum bisa dibeli😂"
amir_cryptrader,6/5/2026, 14.28.41,0,"Satu lagi muncul profesi yang perlu dihindari.. banyak banci nya .."
alif_rahmansyah,6/5/2026, 14.17.17,0,"Wah terus duitnya kemana tuh? Apakah org ini tau inisial nama yg disebut"" dalam pengadilan berkali-kali  dan memberikan perintah tapi tidak pernah dipanggil sekali pun?"
pramayawati,6/5/2026, 14.11.19,0,"Ok.siiip pak...pasti kebenaran akan segera di bukakan pak...karena Tuhan sedang bekerja menolong Bapak dan semua orang2 baik dan jujur orang2 yg benar akan di Belanya."
ugysidik,6/5/2026, 13.46.57,0,"Tapi g kepake sama siswa, laptopnya lambat, masa dibagiin ke sekolah yg gak ada  sinyal internet."
orin.orlando,6/5/2026, 13.30.25,0,"Peran utama nya Mul mul"
sasashl,6/5/2026, 13.28.45,0,"nah kan"
cia_daddy,6/5/2026, 13.28.06,0,"Kapok ya pak gabung ke pemerintahan pria solovenia."
vnctdw,6/5/2026, 13.17.33,0,"Kalau orang yang jauh lebih pintar, visioner dan jujur daripada saya aja direndahkan seperti ini, untuk apa saya berkontribusi kpd negara? Saya gak bisa dan gak mau main politik spt ini"
w.clp81439_,6/5/2026, 13.06.06,0,"Ada yg mundur dri psi"
deyshillapark,6/5/2026, 12.50.23,0,"Sebetulnya yg paling diuntungkan dari kasus ini siapa sih???"
iriantoharol,6/5/2026, 12.43.57,0,"""Pak Nadiem, anggarannya diperbesar. Nggak apa dimulai tahun ini, nanti kan sudah ganti presiden."" ""Nanti kan sudah ganti presiden, tapi dimulai dulu yang gede, presiden yang akan datang pasti mau tidak mau akan melanjutkan, entah itu 01, entah 02, entah 03 (yang terpilih). Tapi dimulai dulu."""
maestronaut96,6/5/2026, 12.38.29,0,""
septyandicepot9174,6/5/2026, 12.37.38,0,"Harus tuntut balik dan cek aliran dana para jaksa 👌"
bayuajwi,6/5/2026, 12.35.12,0,""
mroisivnd,6/5/2026, 12.14.31,0,"Menuju Indonesia bubar"
uzzzzzz13,6/5/2026, 11.58.42,0,"Coba dibalik aliran dana ke jaksa yg diperiksa😂"
abyanfaishal,6/5/2026, 11.41.30,0,"jaksa sok iye bener"
alviantiputri_a,6/5/2026, 11.36.26,0,"brengsek bener ni hukum di negara tercintah"
jonny_esmod,6/5/2026, 11.12.53,0,"Coba cek aliran dana ke Jaksa"
ibnhasanbukhory,6/5/2026, 11.07.21,0,"Duitnya lari ke atasan buat kampanye 2024 😂"
keep.mufid,6/5/2026, 10.21.28,0,"Kata Jaksa: Tangkep dan tahan aja dulu, nyari idenya belakangan 😂"
diela_tifah,6/5/2026, 10.20.39,0,"Next keadilan akan hadir pada rezim² yg menyengsarakan rakyatnya"
alvidevann,6/5/2026, 10.15.33,0,"Coba dong @official.kpk periksa kepala @badangizinasional.ri"
nirwana.void,6/5/2026, 10.13.12,0,"Kereta trel apa kabar 😁"
ero_winanda,6/5/2026, 10.06.17,0,"Gmn klo sekarang di cek aliran dana ke Jaksa"
eunikelukitasari,6/5/2026, 09.57.36,0,"Aliran dana mobil KMP gimana tuh pak hakim?"
feat.fatia,6/5/2026, 09.56.14,0,"Kalau aliran dana ke Jaksa kira2 berapa ya, Mas 👀 upsss 🤭"
gunturmpjr,6/5/2026, 09.46.58,0,"jaksanya ga sekolah kah?"
rxfadillah,6/5/2026, 09.45.15,0,"Bener-bener preseden yang sangat buruk buat pemerintah anda bung @prabowo"
tmrk_88,6/5/2026, 09.26.49,0,"Kriminalisasi serem"
irfan__mahmud,6/5/2026, 09.06.00,0,"😂😂😂😂 aliran dana nda langsung ke dia yg pasti dia tahu, ingat ini org pintar IT, yg berbau digital dah makanan dia hari hari, palingan transaksi disamarkan lewat beberapa akun digital fiktif"
angga__laksana,6/5/2026, 08.55.44,0,"Gw bilang apa nadiem mending bisnis,  pemerintah isinya srigala."
fajar.rhmat,6/5/2026, 08.36.05,0,"AYO USUT ALIRAN UANG DI JAKSA NYA"
ns.gsetyant_,6/5/2026, 08.35.26,0,"coba cek mr.jack"
imalhafiidh,6/5/2026, 08.21.31,0,"Tindak lanjutnya upaya hukum."
friguzz,6/5/2026, 08.20.16,0,"cek yg ngelaporkan 😂"
hardinata.reean,6/5/2026, 08.13.50,0,"Apa 800m 1 hari pun gak sampe dah abis.. 😂😂"
alanahmady22,6/5/2026, 08.01.39,0,""
meitia02,6/5/2026, 07.53.22,0,"Jakea yg adil hanyalah bapaknya Shin I Rang 😅"
moh.faturrozi,6/5/2026, 07.49.00,0,"Negara sakit"
khusnuliya_zulfiana_,6/5/2026, 07.47.48,0,"Jadi makin jelas twrang benderang dananya mengalir ke mana ya. Negara hukum yang hukum²nya bisa dianu"
saputrarico243,6/5/2026, 07.42.22,0,"Kata dirinya sendiri... 😂"
nanadsalima,6/5/2026, 07.37.08,0,"Sebagai jaksa memang 1 kakinya sudah ada di neraka tinggal mau melangkah ke surga atau nyemplung semua ke neraka, you choose 😂"
erfinm,6/5/2026, 07.30.42,0,"Solo ajaib"
hadipato,6/5/2026, 07.22.19,0,"Sedangkan si jokowi anteng di rumah.."
jebho_a.k.a_heru,6/5/2026, 07.08.08,0,"Nadim kesambet setan gorong-gorong, susah lepasnya😂😂😂😂"
steve_batara,6/5/2026, 06.52.55,0,"Saksi kunci itu ada di google dan sole distri chrome di indonesia tapi saya yakin mereka tidak akan bicara krn terkait keselamatan diri dan bisnis"
warrendade,6/5/2026, 06.51.49,0,"Jokowi Jahanam bajingaaaan biadaab"
gigin.980.ginanjar,6/5/2026, 06.51.22,0,"Bang nadiem walau kelihatan newbie hukum di Indonesia, makanya kena pusaran setan kaya Gini..."
elizabeth.undip,6/5/2026, 06.31.35,0,"intinya Chromebook menghemat 3 TRILYUN, & murah"
si_komo_87,6/5/2026, 06.29.33,0,"gmn cara y kamu harus jadi kambing hitam 🤣🤣🤣🤣🤣"
fetty_sudiyarto,6/5/2026, 06.03.25,0,"Yg jujur di kriminalisasi yg jelas-jelas korupsi...ah sudahlahh"
tirtacan,6/5/2026, 06.01.48,0,"Saksi2 yg terbukti terima suap tdk dijadikan tersangka, Nadiem & ibam yg tdk ada aliran dana sepeserpun malah jd tersangka. Dari sini terlihat betapa kejamnya Jaksa2 ini, mereka sdh tdk punya urat malu mempertontonkan kebobrokan & kebodohan otak mereka."
call_me_gulugulu,6/5/2026, 05.57.28,0,"Misalkan nanti pak nadiem di vonis tidak bersalah, apakah nanti ada yg di tangkap atau teraangka karena salah tangkap gitu?"
diptaerlangga,6/5/2026, 05.53.39,0,"👏"
hafizhzuhdian,6/5/2026, 05.25.33,0,""
erit_ramadan,6/5/2026, 05.24.42,0,"Inilah yg membuat negeri kita ini begini' saja.jadi jangan heran yah."
lunakradside,6/5/2026, 05.04.27,0,"Ya emang kagak. Wong akal²an mulyono"
stvfun_motion,6/5/2026, 04.36.29,0,"kan kita hukumnya masih hukum kolonial belanda. jadi wajar lah model2modelan pejabatnya kek dedels. wkwkkw"
umamikia.archives,6/5/2026, 04.06.19,0,"Pasti pasalnya "" merugikan negara dan memperkaya oranglain""...😂"
ouchwat,6/5/2026, 04.02.35,0,"JOKO WIDODO ga diperiksa?"
aziiz_syah,6/5/2026, 01.25.13,0,"Belajar sabar aja diindo biarpun nggak salah tetep dipenjara kok"
goestyar_vg,6/5/2026, 00.52.07,0,"Tetapkan tersangka dulu, baru cari kesalahannya."
otto_jawir,6/5/2026, 00.45.36,0,"Menteri yang benar dijaman jokowoow oaati berakhir begini"
feroz_keys,6/5/2026, 00.11.24,0,"Hayooo kekuatan siapa dibalik ini?"
hazzelt_,6/5/2026, 00.05.46,0,""
esha24gwain,5/5/2026, 23.50.05,0,"jokowi kapan di periksa ??"
arthasoeratin,5/5/2026, 23.41.47,0,"Kredibilitas Jaksa dipertanyakan"
rivoreefpatras,5/5/2026, 23.36.24,0,"#savenadiemmakarim"
imalhafiidh,6/5/2026, 08.21.31,0,"Tindak lanjutnya upaya hukum."
friguzz,6/5/2026, 08.20.16,0,"cek yg ngelaporkan 😂"
hardinata.reean,6/5/2026, 08.13.50,0,"Apa 800m 1 hari pun gak sampe dah abis.. 😂😂"
alanahmady22,6/5/2026, 08.01.39,0,""
meitia02,6/5/2026, 07.53.22,0,"Jakea yg adil hanyalah bapaknya Shin I Rang 😅"
moh.faturrozi,6/5/2026, 07.49.00,0,"Negara sakit"
khusnuliya_zulfiana_,6/5/2026, 07.47.48,0,"Jadi makin jelas twrang benderang dananya mengalir ke mana ya. Negara hukum yang hukum²nya bisa dianu"
saputrarico243,6/5/2026, 07.42.22,0,"Kata dirinya sendiri... 😂"
nanadsalima,6/5/2026, 07.37.08,0,"Sebagai jaksa memang 1 kakinya sudah ada di neraka tinggal mau melangkah ke surga atau nyemplung semua ke neraka, you choose 😂"
erfinm,6/5/2026, 07.30.42,0,"Solo ajaib"
hadipato,6/5/2026, 07.22.19,0,"Sedangkan si jokowi anteng di rumah.."
jebho_a.k.a_heru,6/5/2026, 07.08.08,0,"Nadim kesambet setan gorong-gorong, susah lepasnya😂😂😂😂"
steve_batara,6/5/2026, 06.52.55,0,"Saksi kunci itu ada di google dan sole distri chrome di indonesia tapi saya yakin mereka tidak akan bicara krn terkait keselamatan diri dan bisnis"
warrendade,6/5/2026, 06.51.49,0,"Jokowi Jahanam bajingaaaan biadaab"
gigin.980.ginanjar,6/5/2026, 06.51.22,0,"Bang nadiem walau kelihatan newbie hukum di Indonesia, makanya kena pusaran setan kaya Gini..."
elizabeth.undip,6/5/2026, 06.31.35,0,"intinya Chromebook menghemat 3 TRILYUN, & murah"
si_komo_87,6/5/2026, 06.29.33,0,"gmn cara y kamu harus jadi kambing hitam 🤣🤣🤣🤣🤣"
fetty_sudiyarto,6/5/2026, 06.03.25,0,"Yg jujur di kriminalisasi yg jelas-jelas korupsi...ah sudahlahh"
tirtacan,6/5/2026, 06.01.48,0,"Saksi2 yg terbukti terima suap tdk dijadikan tersangka, Nadiem & ibam yg tdk ada aliran dana sepeserpun malah jd tersangka. Dari sini terlihat betapa kejamnya Jaksa2 ini, mereka sdh tdk punya urat malu mempertontonkan kebobrokan & kebodohan otak mereka."
call_me_gulugulu,6/5/2026, 05.57.28,0,"Misalkan nanti pak nadiem di vonis tidak bersalah, apakah nanti ada yg di tangkap atau teraangka karena salah tangkap gitu?"
diptaerlangga,6/5/2026, 05.53.39,0,"👏"
hafizhzuhdian,6/5/2026, 05.25.33,0,""
erit_ramadan,6/5/2026, 05.24.42,0,"Inilah yg membuat negeri kita ini begini' saja.jadi jangan heran yah."
lunakradside,6/5/2026, 05.04.27,0,"Ya emang kagak. Wong akal²an mulyono"
stvfun_motion,6/5/2026, 04.36.29,0,"kan kita hukumnya masih hukum kolonial belanda. jadi wajar lah model2modelan pejabatnya kek dedels. wkwkkw"
umamikia.archives,6/5/2026, 04.06.19,0,"Pasti pasalnya "" merugikan negara dan memperkaya oranglain""...😂"
ouchwat,6/5/2026, 04.02.35,0,"JOKO WIDODO ga diperiksa?"
aziiz_syah,6/5/2026, 01.25.13,0,"Belajar sabar aja diindo biarpun nggak salah tetep dipenjara kok"
goestyar_vg,6/5/2026, 00.52.07,0,"Tetapkan tersangka dulu, baru cari kesalahannya."
otto_jawir,6/5/2026, 00.45.36,0,"Menteri yang benar dijaman jokowoow oaati berakhir begini"
